name,smiles,p_crbn_binder,p_crbn_glue,rank_03,rank_04,combined_rank
cand_21,O=C1CCC(N2C(=O)c3ccc(O)cc3C2=O)C(=O)N1,0.995,1.0,2,2,4
cand_274,O=C1CCC(N2Cc3c(O)cccc3C2=O)C(=O)N1,0.995,1.0,10,21,31
cand_84,Nc1ccc2c(c1)CN(C1CCC(=O)NC1=O)C2=O,1.0,0.995,31,1,32
cand_220,O=C1CCC(N2Cc3cc(F)ccc3C2=O)C(=O)N1,0.995,0.995,33,17,50
cand_148,O=C1CCC(N2C(=O)c3ccc(O)c(O)c3C2=O)C(=O)N1,0.99,1.0,5,52,57
cand_2149,O=C1CCC(N2Cc3c(ccc(O)c3C(F)(F)F)C2=O)C(=O)N1,0.995,1.0,25,39,64
cand_12,O=C1CCC(N2Cc3ccc(C(F)(F)F)cc3C2=O)C(=O)N1,0.99,0.995,27,45,72
cand_60,O=C1CCC(N2Cc3c(Br)cccc3C2=O)C(=O)N1,0.99,0.995,30,47,77
cand_39,Cc1ccc2c(c1)C(=O)N(C1CCC(=O)NC1=O)C2=O,0.995,0.99,73,5,78
cand_1,O=C1CCC(N2C(=O)c3cccc(-c4ccc(N5CCNCC5)cc4)c3C2=O)C(=O)N1,0.985,1.0,1,80,81
cand_54,O=C1CCC(N2Cc3ccc(Br)cc3C2=O)C(=O)N1,0.995,0.99,75,7,82
cand_49,O=C1CCC(N2C(=O)c3cccc(O)c3C2=O)C(=O)N1,0.985,1.0,3,82,85
cand_66,O=C1CCC(N2Cc3c(cccc3C(F)(F)F)C2=O)C(=O)N1,0.995,0.99,77,9,86
cand_68,O=C1CCC(N2Cc3c(ccc(O)c3O)C2=O)C(=O)N1,0.995,0.99,78,10,88
cand_140,Cc1ccc2c(c1)C(=O)N(C1CCC(=O)NC1=O)C2,0.995,0.99,81,13,94
cand_146,O=C1CCC(N2Cc3ccc(F)cc3C2=O)C(=O)N1,0.995,0.99,82,14,96
cand_177,O=C1CCC(N2Cc3c(cccc3-c3ccc(N4CCNCC4)cc3)C2=O)C(=O)N1,0.985,1.0,6,91,97
cand_181,CN(C)c1cccc2c1CN(C1CCC(=O)NC1=O)C2=O,0.995,0.99,84,15,99
cand_188,CN(C)c1ccc2c(c1)C(=O)N(C1CCC(=O)NC1=O)C2=O,0.985,1.0,7,92,99
cand_210,CCc1ccc2c(c1)C(=O)N(C1CCC(=O)NC1=O)C2,0.995,0.99,85,16,101
cand_2162,O=C1CCC(N2Cc3c(ccc(F)c3Cl)C2=O)C(=O)N1,0.99,1.0,26,76,102
cand_362,O=C1CCC(N2C(=O)c3ccc(-c4ccc(N5CCNCC5)cc4)c(O)c3C2=O)C(=O)N1,0.985,1.0,13,96,109
cand_1172,O=C1CCC(N2Cc3c(ccc(F)c3C(F)(F)F)C2=O)C(=O)N1,0.99,0.995,49,66,115
cand_13,O=C1CCC(N2C(=O)c3ccc(Br)c(O)c3C2=O)C(=O)N1,0.99,0.99,70,46,116
cand_104,O=C1CCC(N2C(=O)c3ccc(I)cc3C2=O)C(=O)N1,0.985,0.995,32,85,117
cand_1334,CN(C)c1ccc2c(c1O)C(=O)N(C1CCC(=O)NC1=O)C2=O,0.99,0.995,52,67,119
cand_713,O=C1CCC(N2C(=O)c3ccc(O)c(Cl)c3C2=O)C(=O)N1,0.985,1.0,17,105,122
cand_966,O=C1CCC(N2Cc3c(ccc(O)c3Cl)C2=O)C(=O)N1,0.995,0.99,98,28,126
cand_62,O=C1CCC(N2Cc3ccc(O)cc3C2=O)C(=O)N1,0.995,0.985,126,8,134
cand_477,CN(C)c1c(-c2ccc(N3CCNCC3)cc2)ccc2c1C(=O)N(C1CCC(=O)NC1=O)C2=O,0.985,0.995,36,100,136
cand_65,O=C1CCC(N2C(=O)c3ccc(Cl)cc3C2=O)C(=O)N1,0.98,1.0,4,135,139
cand_114,N#Cc1cccc2c1CN(C1CCC(=O)NC1=O)C2=O,0.995,0.985,128,12,140
cand_779,O=C1CCC(N2C(=O)c3cc(Br)cc(-c4ccc(N5CCNCC5)cc4)c3C2=O)C(=O)N1,0.985,0.995,38,107,145
cand_516,O=C1CCC(N2Cc3c(ccc(F)c3Br)C2=O)C(=O)N1,0.99,0.99,92,57,149
cand_818,CN(C)c1ccc2c(c1N(C)C)C(=O)N(C1CCC(=O)NC1=O)C2=O,0.985,0.995,41,109,150
cand_20,O=C1CCC(N2C(=O)c3cccc(Br)c3C2=O)C(=O)N1,0.985,0.99,71,81,152
cand_2177,CN(C)c1ccc2c(c1C(F)(F)F)CN(C1CCC(=O)NC1=O)C2=O,0.995,0.99,115,40,155
cand_1030,O=C1CCC(N2Cc3c(ccc(-c4ccc(N5CCNCC5)cc4)c3O)C2=O)C(=O)N1,0.985,0.995,45,111,156
cand_25,COc1cccc2c1C(=O)N(C1CCC(=O)NC1=O)C2=O,0.98,0.995,28,131,159
cand_59,CN(C)c1ccc2c(c1)C(=O)N(C1CCC(=O)NC1=O)C2,0.985,0.99,76,83,159
cand_258,O=C1CCC(N2C(=O)c3cc(O)cc(-c4ccc(N5CCNCC5)cc4)c3C2=O)C(=O)N1,0.98,1.0,8,151,159
cand_48,CN(C)c1cccc2c1C(=O)N(C1CCC(=O)NC1=O)C2=O,0.98,0.995,29,134,163
cand_284,O=C1CCC(N2Cc3c(ccc(Br)c3-c3ccc(N4CCNCC4)cc3)C2=O)C(=O)N1,0.98,1.0,11,152,163
cand_2373,O=C1CCC(N2Cc3c(ccc(Br)c3Br)C2=O)C(=O)N1,0.995,0.99,122,41,163
cand_7,O=C1CCC(N2Cc3ccc(Cl)cc3C2=O)C(=O)N1,0.99,0.985,124,44,168
cand_1390,O=C1CCC(N2C(=O)c3ccc(O)c(I)c3C2=O)C(=O)N1,0.985,0.995,53,119,172
cand_1382,CN(C)c1c(F)ccc2c1CN(C1CCC(=O)NC1=O)C2=O,0.99,0.99,105,68,173
cand_83,O=C1CCC(N2C(=O)c3ccc(F)cc3C2=O)C(=O)N1,0.99,0.985,127,48,175
cand_134,O=C1CCC(N2Cc3ccc(I)cc3C2=O)C(=O)N1,0.99,0.985,129,51,180
cand_521,O=C1CCC(N2Cc3c(ccc(F)c3-c3ccc(N4CCNCC4)cc3)C2=O)C(=O)N1,0.98,1.0,15,167,182
cand_1802,O=C1CCC(N2Cc3c(ccc(F)c3O)C2=O)C(=O)N1,0.99,0.99,111,72,183
cand_1891,NC(=O)c1c(O)ccc2c1C(=O)N(C1CCC(=O)NC1=O)C2=O,0.985,0.995,61,126,187
cand_204,O=C1CCC(N2C(=O)c3ccc(O)c(Br)c3C2=O)C(=O)N1,0.99,0.985,134,55,189
cand_422,CN(C)c1ccc2c(c1Cl)C(=O)N(C1CCC(=O)NC1=O)C2=O,0.98,0.995,35,159,194
cand_808,CN(C)c1cc2c(cc1-c1ccc(N3CCNCC3)cc1)C(=O)N(C1CCC(=O)NC1=O)C2=O,0.98,1.0,19,177,196
cand_509,O=C1CCC(N2C(=O)c3cc(I)cc(-c4ccc(N5CCNCC5)cc4)c3C2=O)C(=O)N1,0.98,0.995,37,166,203
cand_33,O=C1CCC(N2C(=O)c3ccc(Br)c(Cl)c3C2=O)C(=O)N1,0.98,0.99,72,133,205
cand_28,O=C1CCC(N2Cc3cc(Cl)ccc3C2=O)C(=O)N1,0.995,0.98,203,3,206
cand_111,COc1ccc2c(c1)C(=O)N(C1CCC(=O)NC1=O)C2,0.98,0.99,79,139,218
cand_171,Nc1ccc2c(c1)C(=O)N(C1CCC(=O)NC1=O)C2=O,0.985,0.985,131,89,220
cand_1007,O=C1CCC(N2C(=O)c3ccc(-c4ccc(N5CCNCC5)cc4)c(Cl)c3C2=O)C(=O)N1,0.98,0.995,43,181,224
cand_1640,O=C1CCC(N2C(=O)c3cc(-c4ccc(N5CCNCC5)cc4)c(-c4ccc(N5CCNCC5)cc4)cc3C2=O)C(=O)N1,0.98,1.0,20,205,225
cand_175,COc1ccc2c(c1)C(=O)N(C1CCC(=O)NC1=O)C2=O,0.98,0.99,83,143,226
cand_1405,O=C1CCC(N2C(=O)c3ccc(Br)c(Br)c3C2=O)C(=O)N1,0.985,0.99,106,120,226
cand_1045,O=C1CCC(N2Cc3cc(-c4ccc(N5CCNCC5)cc4)c(O)cc3C2=O)C(=O)N1,0.98,0.995,46,184,230
cand_2082,N#Cc1ccc2c(c1Cl)CN(C1CCC(=O)NC1=O)C2=O,0.995,0.985,193,38,231
cand_253,CN(C)c1c(Br)ccc2c1CN(C1CCC(=O)NC1=O)C2=O,0.995,0.98,216,19,235
cand_244,O=C1CCC(N2C(=O)c3cccc(Cl)c3C2=O)C(=O)N1,0.98,0.99,87,149,236
cand_1108,O=C1CCC(N2C(=O)c3ccc(-c4ccc(N5CCNCC5)cc4)c(I)c3C2=O)C(=O)N1,0.98,0.995,47,190,237
cand_1434,N#Cc1c(F)ccc2c1CN(C1CCC(=O)NC1=O)C2=O,0.99,0.985,173,70,243
cand_264,CN(C)c1cc2c(c(-c3ccc(N4CCNCC4)cc3)c1)C(=O)N(C1CCC(=O)NC1=O)C2=O,0.975,1.0,9,235,244
cand_401,CN(C)c1ccc2c(c1Br)CN(C1CCC(=O)NC1=O)C2=O,0.995,0.98,222,22,244
cand_561,CN(C)c1ccc2c(c1Br)C(=O)N(C1CCC(=O)NC1=O)C2=O,0.985,0.985,143,102,245
cand_417,CNc1c(-c2ccc(N3CCNCC3)cc2)ccc2c1C(=O)N(C1CCC(=O)NC1=O)C2=O,0.98,0.99,88,158,246
cand_287,O=C1CCC(N2C(=O)c3cc(O)c(-c4ccc(N5CCNCC5)cc4)cc3C2=O)C(=O)N1,0.975,1.0,12,236,248
cand_1318,O=C1CCC(N2C(=O)c3cc(Br)c(-c4ccc(N5CCNCC5)cc4)cc3C2=O)C(=O)N1,0.98,0.995,51,199,250
cand_100,O=C1CCC(N2C(=O)c3ccc(Br)cc3C2=O)C(=O)N1,0.99,0.98,206,49,255
cand_445,O=C1CCC(N2C(=O)c3cc(Cl)cc(-c4ccc(N5CCNCC5)cc4)c3C2=O)C(=O)N1,0.975,1.0,14,243,257
cand_1904,CN(C)c1ccc2c(c1Cl)CN(C1CCC(=O)NC1=O)C2=O,0.99,0.985,183,74,257
cand_1464,O=C1CCC(N2Cc3c(ccc(Br)c3F)C2=O)C(=O)N1,0.98,0.995,56,203,259
cand_150,NS(=O)(=O)c1cccc2c1CN(C1CCC(=O)NC1=O)C2=O,0.99,0.98,210,53,263
cand_159,Nc1ccc2c(c1)C(=O)N(C1CCC(=O)NC1=O)C2,0.99,0.98,211,54,265
cand_1861,CN(C)c1c(-c2ccc(N3CCNCC3)cc2)ccc2c1CN(C1CCC(=O)NC1=O)C2=O,0.98,0.995,59,209,268
cand_1889,O=C1CCC(N2Cc3cc(O)c(-c4ccc(N5CCNCC5)cc4)cc3C2=O)C(=O)N1,0.98,0.995,60,211,271
cand_1064,N#Cc1c(O)ccc2c1CN(C1CCC(=O)NC1=O)C2=O,0.995,0.98,244,31,275
cand_727,O=C1CCC(N2Cc3cc(-c4ccc(N5CCNCC5)cc4)c(Br)cc3C2=O)C(=O)N1,0.975,1.0,18,258,276
cand_198,O=C1CCC(N2Cc3cc(C(F)(F)F)ccc3C2=O)C(=O)N1,0.98,0.985,133,145,278
cand_2095,COc1ccc2c(c1N(C)C)C(=O)N(C1CCC(=O)NC1=O)C2=O,0.98,0.995,63,217,280
cand_1026,CNc1cc2c(c(-c3ccc(N4CCNCC4)cc3)c1)C(=O)N(C1CCC(=O)NC1=O)C2=O,0.98,0.99,99,182,281
cand_2260,O=C1CCC(N2Cc3c(ccc(F)c3F)C2=O)C(=O)N1,0.98,0.995,66,221,287
cand_1356,Nc1c(O)ccc2c1CN(C1CCC(=O)NC1=O)C2=O,0.985,0.985,170,118,288
cand_357,Nc1c(O)ccc2c1C(=O)N(C1CCC(=O)NC1=O)C2=O,0.98,0.985,137,156,293
cand_2491,O=C1CCC(N2Cc3c(ccc(O)c3F)C2=O)C(=O)N1,0.98,0.995,69,227,296
cand_1593,CN(C)c1c(Br)ccc2c1C(=O)N(C1CCC(=O)NC1=O)C2=O,0.985,0.985,176,123,299
cand_170,Cc1c(-c2ccc(N3CCNCC3)cc2)ccc2c1C(=O)N(C1CCC(=O)NC1=O)C2=O,0.985,0.98,212,88,300
cand_455,O=C1CCC(N2Cc3c(O)ccc(-c4ccc(N5CCNCC5)cc4)c3C2=O)C(=O)N1,0.98,0.985,140,160,300
cand_822,Cc1c(O)ccc2c1C(=O)N(C1CCC(=O)NC1=O)C2=O,0.99,0.98,239,61,300
cand_1265,COc1ccc2c(c1-c1ccc(N3CCNCC3)cc1)C(=O)N(C1CCC(=O)NC1=O)C2=O,0.98,0.99,104,197,301
cand_463,O=C1CCC(N2Cc3c(-c4ccc(N5CCNCC5)cc4)ccc(O)c3C2=O)C(=O)N1,0.98,0.985,141,161,302
cand_42,O=C1CCC(N2Cc3c(-c4ccc(N5CCNCC5)cc4)ccc(F)c3C2=O)C(=O)N1,0.975,0.99,74,229,303
cand_172,COc1ccc2c(c1)CN(C1CCC(=O)NC1=O)C2=O,0.985,0.98,213,90,303
cand_1647,O=C1CCC(N2Cc3c(ccc(Br)c3O)C2=O)C(=O)N1,0.995,0.98,269,35,304
cand_1719,O=C1CCC(N2C(=O)c3ccc(-c4ccc(N5CCNCC5)cc4)c(Br)c3C2=O)C(=O)N1,0.985,0.985,180,124,304
cand_343,NS(=O)(=O)c1ccc2c(c1Br)CN(C1CCC(=O)NC1=O)C2=O,0.985,0.98,219,94,313
cand_577,CNc1c(O)ccc2c1C(=O)N(C1CCC(=O)NC1=O)C2=O,0.98,0.985,145,168,313
cand_364,Cc1c(N(C)C)ccc2c1C(=O)N(C1CCC(=O)NC1=O)C2=O,0.985,0.98,221,97,318
cand_608,N#Cc1ccc2c(c1F)CN(C1CCC(=O)NC1=O)C2=O,0.98,0.985,149,169,318
cand_249,O=C1CCC(N2Cc3cc(O)ccc3C2=O)C(=O)N1,0.995,0.975,302,18,320
cand_1860,O=C1CCC(N2Cc3cc(Br)c(-c4ccc(N5CCNCC5)cc4)cc3C2=O)C(=O)N1,0.975,1.0,22,301,323
cand_746,Nc1ccc2c(c1O)C(=O)N(C1CCC(=O)NC1=O)C2=O,0.98,0.985,154,174,328
cand_8,O=C1CCC(N2Cc3c(ccc(-c4ccc(N5CCNCC5)cc4)c3Br)C2=O)C(=O)N1,0.98,0.98,202,130,332
cand_2385,CN(C)c1ccc2c(c1N(C)C)CN(C1CCC(=O)NC1=O)C2=O,0.995,0.98,290,42,332
cand_2028,COc1cc2c(c(-c3ccc(N4CCNCC4)cc3)c1)C(=O)N(C1CCC(=O)NC1=O)C2=O,0.975,1.0,24,309,333
cand_470,Cc1cc2c(cc1-c1ccc(N3CCNCC3)cc1)CN(C1CCC(=O)NC1=O)C2=O,0.975,0.99,91,246,337
cand_110,O=C1CCC(N2C(=O)c3ccc(C(F)(F)F)cc3C2=O)C(=O)N1,0.98,0.98,207,138,345
cand_1068,CN(C)c1ccc2c(c1F)CN(C1CCC(=O)NC1=O)C2=O,0.98,0.985,164,185,349
cand_672,Cc1cc2c(cc1-c1ccc(N3CCNCC3)cc1)C(=O)N(C1CCC(=O)NC1=O)C2,0.975,0.99,94,257,351
cand_807,N#Cc1cc2c(cc1-c1ccc(N3CCNCC3)cc1)C(=O)N(C1CCC(=O)NC1=O)C2,0.975,0.99,95,261,356
cand_1162,COc1ccc2c(c1Cl)CN(C1CCC(=O)NC1=O)C2=O,0.98,0.985,166,192,358
cand_1203,CN(C)c1c(O)ccc2c1C(=O)N(C1CCC(=O)NC1=O)C2=O,0.985,0.98,249,115,364
cand_1253,O=C1CCC(N2C(=O)c3ccc(Br)c(I)c3C2=O)C(=O)N1,0.98,0.985,168,196,364
cand_1957,O=C1CCC(N2Cc3c(ccc(-c4ccc(N5CCNCC5)cc4)c3Cl)C2=O)C(=O)N1,0.975,0.995,62,304,366
cand_556,CN(C)c1cc2c(cc1-c1ccc(N3CCNCC3)cc1)CN(C1CCC(=O)NC1=O)C2=O,0.97,1.0,16,357,373
cand_586,CN(C)c1ccc2c(c1O)CN(C1CCC(=O)NC1=O)C2=O,0.99,0.975,315,59,374
cand_1145,NS(=O)(=O)c1c(-c2ccc(N3CCNCC3)cc2)ccc2c1C(=O)N(C1CCC(=O)NC1=O)C2=O,0.975,0.99,101,273,374
cand_1228,N#Cc1ccc2c(c1O)CN(C1CCC(=O)NC1=O)C2=O,0.995,0.975,343,32,375
cand_1149,O=C1CCC(N2Cc3c(-c4ccc(N5CCNCC5)cc4)ccc(-c4ccc(N5CCNCC5)cc4)c3C2=O)C(=O)N1,0.975,0.99,102,274,376
cand_1690,Nc1ccc2c(c1N)CN(C1CCC(=O)NC1=O)C2=O,0.98,0.985,179,206,385
cand_479,O=C1CCC(N2Cc3c(ccc(Cl)c3O)C2=O)C(=O)N1,0.98,0.98,225,164,389
cand_2306,CN(C)c1ccc2c(c1-c1ccc(N3CCNCC3)cc1)CN(C1CCC(=O)NC1=O)C2=O,0.975,0.995,67,322,389
cand_41,O=C1CCC(N2Cc3cc(Br)ccc3C2=O)C(=O)N1,0.995,0.97,387,6,393
cand_1457,O=C1CCC(N2C(=O)c3ccc(-c4ccc(N5CCNCC5)cc4)c(C(=O)O)c3C2=O)C(=O)N1,0.975,0.99,107,287,394
cand_969,O=C1CCC(N2Cc3c(ccc(Br)c3I)C2=O)C(=O)N1,0.99,0.975,332,64,396
cand_92,Cc1cccc2c1CN(C1CCC(=O)NC1=O)C2=O,0.995,0.97,389,11,400
cand_1973,COc1ccc2c(c1N(C)C)CN(C1CCC(=O)NC1=O)C2=O,0.98,0.985,189,212,401
cand_360,CCc1cc2c(c(-c3ccc(N4CCNCC4)cc3)c1)C(=O)N(C1CCC(=O)NC1=O)C2=O,0.985,0.975,307,95,402
cand_739,Nc1ccc2c(c1C(F)(F)F)CN(C1CCC(=O)NC1=O)C2=O,0.98,0.98,235,173,408
cand_2033,NS(=O)(=O)c1ccc2c(c1Cl)CN(C1CCC(=O)NC1=O)C2=O,0.985,0.98,282,127,409
cand_2169,Cc1c(-c2ccc(N3CCNCC3)cc2)ccc2c1CN(C1CCC(=O)NC1=O)C2=O,0.98,0.985,197,218,415
cand_117,CNc1ccc2c(c1)C(=O)N(C1CCC(=O)NC1=O)C2=O,0.97,0.99,80,336,416
cand_2219,CNc1ccc2c(c1-c1ccc(N3CCNCC3)cc1)C(=O)N(C1CCC(=O)NC1=O)C2=O,0.98,0.985,198,220,418
cand_266,Cc1ccc2c(c1)CN(C1CCC(=O)NC1=O)C2=O,0.995,0.97,400,20,420
cand_620,CCc1c(-c2ccc(N3CCNCC3)cc2)ccc2c1C(=O)N(C1CCC(=O)NC1=O)C2=O,0.985,0.975,316,104,420
cand_1812,COc1ccc2c(c1Cl)C(=O)N(C1CCC(=O)NC1=O)C2=O,0.97,1.0,21,402,423
cand_1288,O=C1CCC(N2Cc3c(ccc(-c4ccc(N5CCNCC5)cc4)c3C(=O)O)C2=O)C(=O)N1,0.97,0.995,50,376,426
cand_2417,N#Cc1ccc2c(c1C#N)CN(C1CCC(=O)NC1=O)C2=O,0.995,0.975,384,43,427
cand_1078,O=C1CCC(N2C(=O)c3cc(F)cc(-c4ccc(N5CCNCC5)cc4)c3C2=O)C(=O)N1,0.98,0.98,245,187,432
cand_96,CNc1cccc2c1C(=O)N(C1CCC(=O)NC1=O)C2=O,0.98,0.975,298,137,435
cand_555,Cc1c(Br)ccc2c1CN(C1CCC(=O)NC1=O)C2=O,0.995,0.97,414,24,438
cand_116,O=C1CCC(N2Cc3cc(I)ccc3C2=O)C(=O)N1,0.99,0.97,391,50,441
cand_465,O=C1CCC(N2Cc3cc(Br)cc(-c4ccc(N5CCNCC5)cc4)c3C2=O)C(=O)N1,0.97,0.99,90,353,443
cand_1246,O=C1CCC(N2Cc3c(ccc(Cl)c3Br)C2=O)C(=O)N1,0.98,0.98,250,195,445
cand_2364,COc1ccc2c(c1O)C(=O)N(C1CCC(=O)NC1=O)C2=O,0.975,0.99,121,324,445
cand_1032,CCc1c(N(C)C)ccc2c1C(=O)N(C1CCC(=O)NC1=O)C2=O,0.985,0.975,335,112,447
cand_208,NS(=O)(=O)c1cccc2c1C(=O)N(C1CCC(=O)NC1=O)C2=O,0.975,0.98,215,233,448
cand_234,N#Cc1ccc2c(c1-c1ccc(N3CCNCC3)cc1)CN(C1CCC(=O)NC1=O)C2=O,0.98,0.975,301,147,448
cand_594,O=C1CCC(N2Cc3cc(Cl)c(F)cc3C2=O)C(=O)N1,0.97,0.99,93,358,451
cand_1074,O=C1CCC(N2C(=O)c3cc(C(F)(F)F)cc(-c4ccc(N5CCNCC5)cc4)c3C2=O)C(=O)N1,0.985,0.975,339,114,453
cand_967,Cc1c(O)ccc2c1CN(C1CCC(=O)NC1=O)C2=O,0.995,0.97,426,29,455
cand_1407,Nc1ccc2c(c1N)C(=O)N(C1CCC(=O)NC1=O)C2=O,0.975,0.985,172,283,455
cand_61,O=C1CCC(N2Cc3c(F)cccc3C2=O)C(=O)N1,0.97,0.985,125,332,457
cand_996,CN(C)c1ccc2c(c1C#N)CN(C1CCC(=O)NC1=O)C2=O,0.995,0.97,427,30,457
cand_309,N#Cc1ccc(-c2ccc(N3CCNCC3)cc2)c2c1C(=O)N(C1CCC(=O)NC1=O)C2,0.98,0.975,305,153,458
cand_0,CCc1ccc2c(c1)C(=O)N(C1CCC(=O)NC1=O)C2=O,0.985,0.97,386,79,465
cand_448,CCc1c(OC)ccc2c1C(=O)N(C1CCC(=O)NC1=O)C2=O,0.975,0.98,224,244,468
cand_464,O=C1CCC(N2C(=O)c3ccc(F)c(O)c3C2=O)C(=O)N1,0.98,0.975,310,162,472
cand_1096,COc1cc2c(cc1-c1ccc(N3CCNCC3)cc1)C(=O)N(C1CCC(=O)NC1=O)C2=O,0.97,0.99,100,372,472
cand_280,CN(C)c1cc2c(cc1O)C(=O)N(C1CCC(=O)NC1=O)C2=O,0.965,0.995,34,443,477
cand_335,CNc1c(N(C)C)ccc2c1C(=O)N(C1CCC(=O)NC1=O)C2=O,0.97,0.985,136,341,477
cand_508,CNc1c(Br)ccc2c1CN(C1CCC(=O)NC1=O)C2=O,0.975,0.98,227,250,477
cand_1701,CNc1ccc2c(c1O)C(=O)N(C1CCC(=O)NC1=O)C2=O,0.98,0.98,272,207,479
cand_2116,O=C1CCC(N2Cc3c(ccc(-c4ccc(N5CCNCC5)cc4)c3I)C2=O)C(=O)N1,0.97,0.995,65,415,480
cand_394,CN(C)c1cc2c(cc1F)C(=O)N(C1CCC(=O)NC1=O)C2,0.97,0.985,139,346,485
cand_1520,Cc1c(N(C)C)ccc2c1CN(C1CCC(=O)NC1=O)C2=O,0.995,0.97,452,34,486
cand_1909,CNc1ccc2c(c1N(C)C)CN(C1CCC(=O)NC1=O)C2=O,0.975,0.985,184,302,486
cand_1817,N#Cc1c(-c2ccc(N3CCNCC3)cc2)ccc2c1CN(C1CCC(=O)NC1=O)C2=O,0.98,0.98,279,208,487
cand_1959,O=C1CCC(N2Cc3cc(O)cc(-c4ccc(N5CCNCC5)cc4)c3C2=O)C(=O)N1,0.975,0.985,188,305,493
cand_1683,Cc1ccc2c(c1C(F)(F)F)CN(C1CCC(=O)NC1=O)C2=O,0.995,0.97,459,36,495
cand_1121,Cc1ccc2c(c1O)C(=O)N(C1CCC(=O)NC1=O)C2=O,0.99,0.97,431,65,496
cand_794,Nc1cc2c(cc1-c1ccc(N3CCNCC3)cc1)C(=O)N(C1CCC(=O)NC1=O)C2=O,0.965,0.995,39,463,502
cand_1602,Nc1c(-c2ccc(N3CCNCC3)cc2)ccc2c1C(=O)N(C1CCC(=O)NC1=O)C2=O,0.97,0.99,109,395,504
cand_452,Cc1c(Br)ccc2c1C(=O)N(C1CCC(=O)NC1=O)C2=O,0.985,0.97,407,98,505
cand_799,O=C1CCC(N2C(=O)c3cc(Cl)c(-c4ccc(N5CCNCC5)cc4)cc3C2=O)C(=O)N1,0.965,0.995,40,465,505
cand_2193,NS(=O)(=O)c1ccc2c(c1S(N)(=O)=O)C(=O)N(C1CCC(=O)NC1=O)C2=O,0.98,0.98,287,219,506
cand_607,CN(C)c1cc2c(cc1F)CN(C1CCC(=O)NC1=O)C2=O,0.97,0.985,148,359,507
cand_2091,CNc1ccc2c(c1Cl)CN(C1CCC(=O)NC1=O)C2=O,0.975,0.985,194,313,507
cand_955,O=C1CCC(N2C(=O)c3c(-c4ccc(N5CCNCC5)cc4)ccc(-c4ccc(N5CCNCC5)cc4)c3C2=O)C(=O)N1,0.975,0.98,242,266,508
cand_837,CNc1cc2c(cc1-c1ccc(N3CCNCC3)cc1)C(=O)N(C1CCC(=O)NC1=O)C2,0.965,0.995,42,467,509
cand_733,O=C1CCC(N2Cc3cc(F)c(Br)cc3C2=O)C(=O)N1,0.97,0.985,152,361,513
cand_2455,O=C1CCC(N2Cc3c(ccc(I)c3Cl)C2=O)C(=O)N1,0.98,0.98,291,224,515
cand_1426,CCc1c(O)ccc2c1C(=O)N(C1CCC(=O)NC1=O)C2=O,0.99,0.97,448,69,517
cand_1835,O=C1CCC(N2C(=O)c3cc(I)c(-c4ccc(N5CCNCC5)cc4)cc3C2=O)C(=O)N1,0.97,0.99,112,405,517
cand_841,O=C1CCC(N2Cc3c(ccc(I)c3-c3ccc(N4CCNCC4)cc3)C2=O)C(=O)N1,0.97,0.985,157,364,521
cand_1488,CN(C)c1c(C#N)ccc2c1CN(C1CCC(=O)NC1=O)C2=O,0.99,0.97,451,71,522
cand_891,COc1ccc2c(c1Br)C(=O)N(C1CCC(=O)NC1=O)C2=O,0.97,0.985,160,367,527
cand_991,CNc1ccc2c(c1C(F)(F)F)CN(C1CCC(=O)NC1=O)C2=O,0.97,0.985,163,369,532
cand_151,NS(=O)(=O)c1ccc2c(c1C(F)(F)F)CN(C1CCC(=O)NC1=O)C2=O,0.98,0.97,393,140,533
cand_1321,CCc1cc2c(c(-c3ccc(N4CCNCC4)cc3)c1)C(=O)N(C1CCC(=O)NC1=O)C2,0.975,0.98,255,280,535
cand_167,CCc1cccc2c1CN(C1CCC(=O)NC1=O)C2=O,0.98,0.97,394,142,536
cand_1907,NC(=O)c1c(-c2ccc(N3CCNCC3)cc2)ccc2c1C(=O)N(C1CCC(=O)NC1=O)C2=O,0.965,1.0,23,518,541
cand_318,CNc1ccc2c(c1Br)CN(C1CCC(=O)NC1=O)C2=O,0.975,0.975,306,237,543
cand_2313,O=C1CCC(N2Cc3cc(F)c(Cl)cc3C2=O)C(=O)N1,0.97,0.99,119,424,543
cand_1294,NC(=O)c1c(O)ccc2c1CN(C1CCC(=O)NC1=O)C2=O,0.97,0.985,169,377,546
cand_2330,O=C1CCC(N2Cc3c(Br)ccc(-c4ccc(N5CCNCC5)cc4)c3C2=O)C(=O)N1,0.97,0.99,120,426,546
cand_1440,COc1ccc2c(c1C)C(=O)N(C1CCC(=O)NC1=O)C2=O,0.975,0.98,261,286,547
cand_443,O=C1CCC(N2C(=O)c3ccc(-c4ccc(N5CCNCC5)cc4)c(F)c3C2=O)C(=O)N1,0.975,0.975,308,241,549
cand_271,Nc1cc2c(c(-c3ccc(N4CCNCC4)cc3)c1)C(=O)N(C1CCC(=O)NC1=O)C2=O,0.97,0.98,217,339,556
cand_330,NS(=O)(=O)c1ccc2c(c1I)CN(C1CCC(=O)NC1=O)C2=O,0.98,0.97,401,155,556
cand_468,NC(=O)c1c(S(N)(=O)=O)ccc2c1C(=O)N(C1CCC(=O)NC1=O)C2=O,0.975,0.975,311,245,556
cand_2228,CN(C)c1ccc2c(c1I)CN(C1CCC(=O)NC1=O)C2=O,0.99,0.97,483,78,561
cand_414,COc1ccc2c(c1Br)CN(C1CCC(=O)NC1=O)C2=O,0.98,0.97,405,157,562
cand_520,Nc1ccc2c(c1Br)C(=O)N(C1CCC(=O)NC1=O)C2=O,0.975,0.975,312,252,564
cand_1536,NS(=O)(=O)c1cc2c(c(-c3ccc(N4CCNCC4)cc3)c1)C(=O)N(C1CCC(=O)NC1=O)C2=O,0.97,0.985,175,390,565
cand_539,NS(=O)(=O)c1ccc2c(c1I)C(=O)N(C1CCC(=O)NC1=O)C2=O,0.975,0.975,313,253,566
cand_1798,CNc1ccc2c(c1NC)CN(C1CCC(=O)NC1=O)C2=O,0.975,0.98,274,297,571
cand_418,O=C1CCC(N2Cc3ccc(-c4ccc(N5CCNCC5)cc4)c(O)c3C2=O)C(=O)N1,0.97,0.98,223,349,572
cand_1671,O=C1CCC(N2Cc3cc(C(F)(F)F)c(O)cc3C2=O)C(=O)N1,0.97,0.985,178,396,574
cand_644,O=C1CCC(N2Cc3cc(F)c(O)cc3C2=O)C(=O)N1,0.975,0.975,320,255,575
cand_1803,O=C1CCC(N2C(=O)c3c(Br)ccc(-c4ccc(N5CCNCC5)cc4)c3C2=O)C(=O)N1,0.975,0.98,276,299,575
cand_1875,CCc1c(F)ccc2c1CN(C1CCC(=O)NC1=O)C2=O,0.98,0.975,365,210,575
cand_320,O=C1CCC(N2Cc3cc(C(F)(F)F)c(Br)cc3C2=O)C(=O)N1,0.965,0.985,135,444,579
cand_708,N#Cc1ccc2c(c1-c1ccc(N3CCNCC3)cc1)C(=O)N(C1CCC(=O)NC1=O)C2=O,0.99,0.965,522,60,582
cand_741,Nc1ccc2c(c1I)CN(C1CCC(=O)NC1=O)C2=O,0.975,0.975,323,259,582
cand_1806,CN(C)c1ccc(-c2ccc(N3CCNCC3)cc2)c2c1C(=O)N(C1CCC(=O)NC1=O)C2,0.97,0.985,182,400,582
cand_154,O=C1CCC(N2C(=O)c3cccc(C(F)(F)F)c3C2=O)C(=O)N1,0.985,0.965,501,87,588
cand_840,CNc1c(N(C)C)ccc2c1CN(C1CCC(=O)NC1=O)C2=O,0.975,0.975,327,263,590
cand_761,Cc1cc2c(c(-c3ccc(N4CCNCC4)cc3)c1)C(=O)N(C1CCC(=O)NC1=O)C2=O,0.98,0.97,417,175,592
cand_934,N#Cc1cc2c(c(-c3ccc(N4CCNCC4)cc3)c1)C(=O)N(C1CCC(=O)NC1=O)C2=O,0.99,0.965,531,63,594
cand_567,O=C1CCC(N2C(=O)c3ccc(O)c(-c4ccc(N5CCNCC5)cc4)c3C2=O)C(=O)N1,0.965,0.985,144,452,596
cand_1926,COc1ccc2c(c1I)C(=O)N(C1CCC(=O)NC1=O)C2=O,0.97,0.985,186,410,596
cand_960,Nc1c(Br)ccc2c1C(=O)N(C1CCC(=O)NC1=O)C2=O,0.975,0.975,331,267,598
cand_625,COc1cc2c(cc1F)C(=O)N(C1CCC(=O)NC1=O)C2,0.965,0.985,150,455,605
cand_2389,CNc1ccc2c(c1O)CN(C1CCC(=O)NC1=O)C2=O,0.98,0.975,382,223,605
cand_706,CN(C)c1cc2c(cc1C(F)(F)F)CN(C1CCC(=O)NC1=O)C2=O,0.965,0.985,151,460,611
cand_1090,Nc1cc2c(c(-c3ccc(N4CCNCC4)cc3)c1)C(=O)N(C1CCC(=O)NC1=O)C2,0.97,0.98,247,371,618
cand_73,COc1cccc2c1CN(C1CCC(=O)NC1=O)C2=O,0.975,0.97,388,231,619
cand_2470,O=C1CCC(N2C(=O)c3c(O)ccc(-c4ccc(N5CCNCC5)cc4)c3C2=O)C(=O)N1,0.975,0.98,292,330,622
cand_11,NS(=O)(=O)c1ccc2c(c1)C(=O)N(C1CCC(=O)NC1=O)C2=O,0.97,0.975,293,331,624
cand_1015,COc1cc2c(cc1-c1ccc(N3CCNCC3)cc1)CN(C1CCC(=O)NC1=O)C2=O,0.96,0.995,44,580,624
cand_30,Cc1cccc2c1C(=O)N(C1CCC(=O)NC1=O)C2=O,0.98,0.965,494,132,626
cand_850,NC(=O)c1c(Br)ccc2c1C(=O)N(C1CCC(=O)NC1=O)C2=O,0.965,0.985,159,468,627
cand_236,O=C1CCC(N2Cc3c(I)cccc3C2=O)C(=O)N1,0.975,0.97,396,234,630
cand_1231,Cc1ccc2c(c1C)C(=O)N(C1CCC(=O)NC1=O)C2=O,0.98,0.97,436,194,630
cand_792,CN(C)c1c(S(N)(=O)=O)ccc2c1CN(C1CCC(=O)NC1=O)C2=O,0.985,0.965,525,108,633
cand_964,COc1cc2c(cc1F)CN(C1CCC(=O)NC1=O)C2=O,0.965,0.985,162,471,633
cand_131,O=C1CCC(N2Cc3c(Cl)cccc3C2=O)C(=O)N1,0.97,0.975,299,337,636
cand_1419,CN(C)c1ccc(-c2ccc(N3CCNCC3)cc2)c2c1CN(C1CCC(=O)NC1=O)C2=O,0.97,0.98,259,382,641
cand_1623,CN(C)c1c(F)ccc2c1C(=O)N(C1CCC(=O)NC1=O)C2=O,0.975,0.975,353,290,643
cand_689,Cc1ccc2c(c1O)CN(C1CCC(=O)NC1=O)C2=O,0.995,0.96,620,25,645
cand_1350,NS(=O)(=O)c1ccc2c(c1Br)C(=O)N(C1CCC(=O)NC1=O)C2=O,0.98,0.97,445,200,645
cand_1948,Cc1c(F)ccc2c1CN(C1CCC(=O)NC1=O)C2=O,0.99,0.965,572,75,647
cand_122,Nc1cccc2c1CN(C1CCC(=O)NC1=O)C2=O,0.965,0.98,209,439,648
cand_444,CN(C)c1cc2c(cc1O)C(=O)N(C1CCC(=O)NC1=O)C2,0.975,0.97,406,242,648
cand_1441,Cc1ccc2c(c1F)CN(C1CCC(=O)NC1=O)C2=O,0.98,0.97,449,202,651
cand_235,CNc1ccc2c(c1)C(=O)N(C1CCC(=O)NC1=O)C2,0.98,0.965,505,148,653
cand_1424,O=C1CCC(N2Cc3c(ccc(Cl)c3-c3ccc(N4CCNCC4)cc3)C2=O)C(=O)N1,0.96,0.995,55,599,654
cand_1515,O=C1CCC(N2Cc3cc(Br)c(Br)cc3C2=O)C(=O)N1,0.97,0.98,266,389,655
cand_1796,O=C1CCC(N2Cc3c(ccc(Cl)c3I)C2=O)C(=O)N1,0.975,0.975,361,296,657
cand_420,CN(C)c1ccc2c(c1)CN(C1CCC(=O)NC1=O)C2=O,0.99,0.96,602,56,658
cand_491,COc1ccc(-c2ccc(N3CCNCC3)cc2)c2c1C(=O)N(C1CCC(=O)NC1=O)C2=O,0.975,0.97,410,248,658
cand_2305,Nc1ccc2c(c1-c1ccc(N3CCNCC3)cc1)C(=O)N(C1CCC(=O)NC1=O)C2=O,0.965,0.99,118,540,658
cand_462,Cc1cc2c(cc1F)CN(C1CCC(=O)NC1=O)C2=O,0.97,0.975,309,352,661
cand_1360,O=C1CCC(N2Cc3cc(F)cc(-c4ccc(N5CCNCC5)cc4)c3C2=O)C(=O)N1,0.965,0.985,171,490,661
cand_1856,CN(C)c1c(Cl)ccc2c1CN(C1CCC(=O)NC1=O)C2=O,0.975,0.975,364,300,664
cand_355,COc1cc2c(cc1O)C(=O)N(C1CCC(=O)NC1=O)C2,0.965,0.98,220,445,665
cand_1489,COc1cc2c(cc1C(F)(F)F)CN(C1CCC(=O)NC1=O)C2=O,0.965,0.985,174,497,671
cand_1700,Nc1c(-c2ccc(N3CCNCC3)cc2)ccc2c1CN(C1CCC(=O)NC1=O)C2=O,0.96,0.995,58,614,672
cand_772,O=C1CCC(N2Cc3c(ccc(F)c3I)C2=O)C(=O)N1,0.975,0.97,418,260,678
cand_1655,O=C1CCC(N2Cc3cc(C(F)(F)F)c(-c4ccc(N5CCNCC5)cc4)cc3C2=O)C(=O)N1,0.965,0.985,177,502,679
cand_1808,O=C1CCC(N2Cc3cc(F)c(F)cc3C2=O)C(=O)N1,0.97,0.98,278,401,679
cand_473,COc1ccc2c(c1C#N)CN(C1CCC(=O)NC1=O)C2=O,0.98,0.965,517,163,680
cand_2053,O=C1CCC(N2C(=O)c3ccc(F)c(Cl)c3C2=O)C(=O)N1,0.975,0.975,369,311,680
cand_574,O=C1CCC(N2C(=O)c3ccc(I)c(Cl)c3C2=O)C(=O)N1,0.965,0.98,228,453,681
cand_1380,Cc1c(C#N)ccc2c1CN(C1CCC(=O)NC1=O)C2=O,0.995,0.96,648,33,681
cand_827,O=C1CCC(N2Cc3cc(O)c(Cl)cc3C2=O)C(=O)N1,0.975,0.97,420,262,682
cand_2062,O=C1CCC(N2C(=O)c3ccc(O)c(F)c3C2=O)C(=O)N1,0.975,0.975,371,312,683
cand_895,CCc1cc2c(cc1-c1ccc(N3CCNCC3)cc1)C(=O)N(C1CCC(=O)NC1=O)C2,0.975,0.97,424,264,688
cand_2047,Nc1ccc2c(c1S(N)(=O)=O)C(=O)N(C1CCC(=O)NC1=O)C2=O,0.98,0.97,473,216,689
cand_1784,NS(=O)(=O)c1cc2c(cc1-c1ccc(N3CCNCC3)cc1)C(=O)N(C1CCC(=O)NC1=O)C2,0.965,0.985,181,511,692
cand_2105,COc1cc2c(cc1-c1ccc(N3CCNCC3)cc1)C(=O)N(C1CCC(=O)NC1=O)C2,0.96,0.995,64,633,697
cand_32,CCc1ccc2c(c1)CN(C1CCC(=O)NC1=O)C2=O,0.995,0.955,694,4,698
cand_2269,O=C1CCC(N2Cc3cc(O)c(F)cc3C2=O)C(=O)N1,0.975,0.975,380,319,699
cand_795,CN(C)c1ccc2c(c1-c1ccc(N3CCNCC3)cc1)C(=O)N(C1CCC(=O)NC1=O)C2=O,0.965,0.98,237,464,701
cand_2130,Nc1ccc2c(c1I)C(=O)N(C1CCC(=O)NC1=O)C2=O,0.97,0.98,285,416,701
cand_817,CN(C)c1ccc2c(c1I)C(=O)N(C1CCC(=O)NC1=O)C2=O,0.965,0.98,238,466,704
cand_1027,O=C1CCC(N2C(=O)c3ccc(I)c(I)c3C2=O)C(=O)N1,0.97,0.975,334,370,704
cand_1141,CNc1ccc2c(c1C#N)CN(C1CCC(=O)NC1=O)C2=O,0.975,0.97,432,272,704
cand_467,Cc1ccc2c(c1Br)C(=O)N(C1CCC(=O)NC1=O)C2=O,0.985,0.96,607,99,706
cand_1898,Cc1ccc2c(c1Br)CN(C1CCC(=O)NC1=O)C2=O,0.995,0.96,670,37,707
cand_890,COc1ccc2c(c1O)CN(C1CCC(=O)NC1=O)C2=O,0.98,0.965,530,179,709
cand_557,N#Cc1cc2c(cc1-c1ccc(N3CCNCC3)cc1)C(=O)N(C1CCC(=O)NC1=O)C2=O,0.985,0.96,613,101,714
cand_2321,CCc1c(-c2ccc(N3CCNCC3)cc2)ccc2c1CN(C1CCC(=O)NC1=O)C2=O,0.97,0.98,289,425,714
cand_1263,COc1ccc2c(c1C(F)(F)F)C(=O)N(C1CCC(=O)NC1=O)C2=O,0.975,0.97,437,278,715
cand_2488,CN(C)c1c(S(N)(=O)=O)ccc2c1C(=O)N(C1CCC(=O)NC1=O)C2=O,0.98,0.97,492,226,718
cand_2042,NS(=O)(=O)c1c(O)ccc2c1C(=O)N(C1CCC(=O)NC1=O)C2=O,0.965,0.985,191,528,719
cand_1691,O=C1CCC(N2Cc3c(ccc(-c4ccc(N5CCNCC5)cc4)c3F)C2=O)C(=O)N1,0.96,0.99,110,613,723
cand_53,Nc1cccc2c1C(=O)N(C1CCC(=O)NC1=O)C2=O,0.975,0.965,495,230,725
cand_1295,NS(=O)(=O)c1ccc2c(c1O)CN(C1CCC(=O)NC1=O)C2=O,0.97,0.975,347,378,725
cand_774,CNc1c(OC)ccc2c1C(=O)N(C1CCC(=O)NC1=O)C2=O,0.96,0.985,156,570,726
cand_16,O=C1CCC(N2C(=O)c3ccc(C(=O)O)cc3C2=O)C(=O)N1,0.965,0.975,294,433,727
cand_2132,CN(C)c1cc2c(cc1Br)C(=O)N(C1CCC(=O)NC1=O)C2=O,0.965,0.985,196,531,727
cand_1400,O=C1CCC(N2Cc3cc(O)c(O)cc3C2=O)C(=O)N1,0.975,0.97,447,282,729
cand_94,N#Cc1ccc2c(c1)C(=O)N(C1CCC(=O)NC1=O)C2,0.975,0.965,498,232,730
cand_1181,O=C1CCC(N2Cc3c(ccc(I)c3I)C2=O)C(=O)N1,0.98,0.965,540,193,733
cand_176,NS(=O)(=O)c1ccc2c(c1)C(=O)N(C1CCC(=O)NC1=O)C2,0.98,0.96,591,144,735
cand_262,O=C1CCC(N2Cc3ccc(C(=O)O)cc3C2=O)C(=O)N1,0.97,0.97,399,338,737
cand_1924,O=C1CCC(N2C(=O)c3ccc(C(=O)O)c(-c4ccc(N5CCNCC5)cc4)c3C2=O)C(=O)N1,0.96,0.99,113,624,737
cand_1291,COc1ccc2c(c1F)CN(C1CCC(=O)NC1=O)C2=O,0.965,0.98,253,485,738
cand_1472,Cc1ccc2c(c1-c1ccc(N3CCNCC3)cc1)C(=O)N(C1CCC(=O)NC1=O)C2=O,0.975,0.97,450,288,738
cand_1311,COc1cc2c(cc1O)CN(C1CCC(=O)NC1=O)C2=O,0.965,0.98,254,486,740
cand_1573,CNc1ccc2c(c1N(C)C)C(=O)N(C1CCC(=O)NC1=O)C2=O,0.97,0.975,350,394,744
cand_1092,O=C1CCC(N2Cc3cc(Cl)cc(-c4ccc(N5CCNCC5)cc4)c3C2=O)C(=O)N1,0.96,0.985,165,581,746
cand_2107,O=C1CCC(N2Cc3cc(-c4ccc(N5CCNCC5)cc4)c(C(=O)O)cc3C2=O)C(=O)N1,0.96,0.99,114,634,748
cand_1170,Nc1cc2c(cc1-c1ccc(N3CCNCC3)cc1)CN(C1CCC(=O)NC1=O)C2=O,0.955,0.995,48,701,749
cand_1313,N#Cc1c(Br)ccc2c1CN(C1CCC(=O)NC1=O)C2=O,0.98,0.965,552,198,750
cand_392,CN(C)c1cc2c(cc1O)CN(C1CCC(=O)NC1=O)C2=O,0.975,0.965,514,238,752
cand_411,CN(C)c1c(I)ccc2c1C(=O)N(C1CCC(=O)NC1=O)C2=O,0.97,0.97,404,348,752
cand_730,N#Cc1ccc2c(c1O)C(=O)N(C1CCC(=O)NC1=O)C2=O,0.995,0.955,727,26,753
cand_438,COc1ccc2c(c1S(N)(=O)=O)C(=O)N(C1CCC(=O)NC1=O)C2=O,0.975,0.965,515,239,754
cand_72,O=C1CCC(N2Cc3cccc(-c4ccc(N5CCNCC5)cc4)c3C2=O)C(=O)N1,0.96,0.98,204,551,755
cand_1754,CN(C)c1cc2c(cc1N(C)C)C(=O)N(C1CCC(=O)NC1=O)C2,0.97,0.975,358,398,756
cand_1462,NS(=O)(=O)c1ccc2c(c1O)C(=O)N(C1CCC(=O)NC1=O)C2=O,0.965,0.98,262,496,758
cand_460,Nc1ccc2c(c1Br)CN(C1CCC(=O)NC1=O)C2=O,0.97,0.97,408,351,759
cand_1790,NS(=O)(=O)c1cc2c(cc1-c1ccc(N3CCNCC3)cc1)CN(C1CCC(=O)NC1=O)C2=O,0.97,0.975,360,399,759
cand_484,O=C1CCC(N2C(=O)c3ccc(F)c(C(F)(F)F)c3C2=O)C(=O)N1,0.975,0.965,518,247,765
cand_943,O=C1CCC(N2C(=O)c3ccc(Cl)c(-c4ccc(N5CCNCC5)cc4)c3C2=O)C(=O)N1,0.955,0.99,97,681,778
cand_690,CNc1ccc2c(c1I)C(=O)N(C1CCC(=O)NC1=O)C2=O,0.965,0.975,322,458,780
cand_138,COc1ccc2c(c1C(N)=O)C(=O)N(C1CCC(=O)NC1=O)C2=O,0.955,0.985,130,652,782
cand_147,N#Cc1cccc2c1C(=O)N(C1CCC(=O)NC1=O)C2=O,0.985,0.955,700,86,786
cand_2113,CNc1c(O)ccc2c1CN(C1CCC(=O)NC1=O)C2=O,0.975,0.97,475,314,789
cand_685,CN(C)c1c(I)ccc2c1CN(C1CCC(=O)NC1=O)C2=O,0.98,0.96,619,172,791
cand_2138,CN(C)c1cc2c(cc1Br)CN(C1CCC(=O)NC1=O)C2=O,0.97,0.975,375,417,792
cand_1869,CCc1c(O)ccc2c1CN(C1CCC(=O)NC1=O)C2=O,0.985,0.96,668,125,793
cand_1892,O=C1CCC(N2C(=O)c3ccc(I)c(-c4ccc(N5CCNCC5)cc4)c3C2=O)C(=O)N1,0.965,0.98,280,517,797
cand_2189,O=C1CCC(N2Cc3c(ccc(I)c3C(F)(F)F)C2=O)C(=O)N1,0.975,0.97,480,318,798
cand_912,O=C1CCC(N2Cc3c(ccc(I)c3F)C2=O)C(=O)N1,0.965,0.975,330,470,800
cand_1051,CNc1cc2c(cc1-c1ccc(N3CCNCC3)cc1)C(=O)N(C1CCC(=O)NC1=O)C2=O,0.975,0.965,534,268,802
cand_2274,O=C1CCC(N2C(=O)c3ccc(F)c(Br)c3C2=O)C(=O)N1,0.975,0.97,484,320,804
cand_1950,O=C1CCC(N2Cc3ccc(-c4ccc(N5CCNCC5)cc4)c(-c4ccc(N5CCNCC5)cc4)c3C2=O)C(=O)N1,0.965,0.98,281,524,805
cand_1017,NC(=O)c1c(F)ccc2c1CN(C1CCC(=O)NC1=O)C2=O,0.965,0.975,333,473,806
cand_1127,NS(=O)(=O)c1ccc2c(c1Cl)C(=O)N(C1CCC(=O)NC1=O)C2=O,0.975,0.965,536,270,806
cand_2478,COc1ccc2c(c1C)CN(C1CCC(=O)NC1=O)C2=O,0.98,0.965,581,225,806
cand_893,Cc1c(S(N)(=O)=O)ccc2c1C(=O)N(C1CCC(=O)NC1=O)C2=O,0.98,0.96,630,180,810
cand_2348,O=C1CCC(N2C(=O)c3ccc(O)c(C(=O)O)c3C2=O)C(=O)N1,0.975,0.97,488,323,811
cand_2093,CN(C)c1cc2c(cc1N(C)C)C(=O)N(C1CCC(=O)NC1=O)C2=O,0.965,0.98,283,529,812
cand_2392,O=C1CCC(N2Cc3c(ccc(C(=O)O)c3-c3ccc(N4CCNCC4)cc3)C2=O)C(=O)N1,0.955,0.995,68,744,812
cand_1066,N#Cc1c(-c2ccc(N3CCNCC3)cc2)ccc2c1C(=O)N(C1CCC(=O)NC1=O)C2,0.965,0.975,338,476,814
cand_1987,CN(C)c1cc2c(c(-c3ccc(N4CCNCC4)cc3)c1)C(=O)N(C1CCC(=O)NC1=O)C2,0.96,0.985,190,628,818
cand_2426,CCc1cc2c(cc1-c1ccc(N3CCNCC3)cc1)CN(C1CCC(=O)NC1=O)C2=O,0.975,0.97,491,327,818
cand_1247,NS(=O)(=O)c1ccc2c(c1S(N)(=O)=O)CN(C1CCC(=O)NC1=O)C2=O,0.975,0.965,546,277,823
cand_598,O=C1CCC(N2C(=O)c3ccc(Br)c(C(F)(F)F)c3C2=O)C(=O)N1,0.985,0.955,721,103,824
cand_742,CN(C)c1cc(O)c2c(c1)C(=O)N(C1CCC(=O)NC1=O)C2=O,0.955,0.985,153,674,827
cand_1245,CNc1c(Br)ccc2c1C(=O)N(C1CCC(=O)NC1=O)C2=O,0.965,0.975,345,482,827
cand_2282,O=C1CCC(N2Cc3c(-c4ccc(N5CCNCC5)cc4)ccc(Br)c3C2=O)C(=O)N1,0.965,0.98,288,539,827
cand_1251,CNc1ccc2c(c1C(N)=O)C(=O)N(C1CCC(=O)NC1=O)C2=O,0.965,0.975,346,483,829
cand_85,CCc1cccc2c1C(=O)N(C1CCC(=O)NC1=O)C2=O,0.97,0.965,496,334,830
cand_757,N#Cc1ccc2c(c1Cl)C(=O)N(C1CCC(=O)NC1=O)C2=O,0.985,0.955,728,106,834
cand_1415,Cc1ccc2c(c1C(N)=O)C(=O)N(C1CCC(=O)NC1=O)C2=O,0.975,0.965,556,284,840
cand_228,O=C1CCC(N2C(=O)c3cc(O)c(O)cc3C2=O)C(=O)N1,0.95,0.99,86,757,843
cand_440,COc1ccc2c(c1I)CN(C1CCC(=O)NC1=O)C2=O,0.975,0.96,606,240,846
cand_1551,N#Cc1cc2c(cc1Br)CN(C1CCC(=O)NC1=O)C2=O,0.97,0.97,455,393,848
cand_863,N#Cc1c(O)ccc2c1C(=O)N(C1CCC(=O)NC1=O)C2=O,0.995,0.95,822,27,849
cand_1403,CNc1c(C#N)ccc2c1CN(C1CCC(=O)NC1=O)C2=O,0.98,0.96,649,201,850
cand_1364,N#Cc1ccc2c(c1C(=O)O)CN(C1CCC(=O)NC1=O)C2=O,0.96,0.98,257,594,851
cand_230,CN(C)c1ccc2c(c1S(N)(=O)=O)CN(C1CCC(=O)NC1=O)C2=O,0.98,0.955,707,146,853
cand_337,CN(C)c1ccc2c(c1C(F)(F)F)C(=O)N(C1CCC(=O)NC1=O)C2=O,0.97,0.965,511,342,853
cand_424,COc1cc2c(cc1N(C)C)C(=O)N(C1CCC(=O)NC1=O)C2=O,0.95,0.99,89,765,854
cand_246,NS(=O)(=O)c1ccc2c(c1)CN(C1CCC(=O)NC1=O)C2=O,0.98,0.955,708,150,858
cand_380,CCc1c(NC)ccc2c1CN(C1CCC(=O)NC1=O)C2=O,0.97,0.965,513,345,858
cand_1667,CNc1cc2c(cc1-c1ccc(N3CCNCC3)cc1)CN(C1CCC(=O)NC1=O)C2=O,0.965,0.975,355,503,858
cand_1668,CNc1cc2c(c(-c3ccc(N4CCNCC4)cc3)c1)C(=O)N(C1CCC(=O)NC1=O)C2,0.965,0.975,356,504,860
cand_278,O=C1CCC(N2C(=O)c3cc(Br)cc(Br)c3C2=O)C(=O)N1,0.96,0.975,303,559,862
cand_1771,Cc1cc2c(cc1C(F)(F)F)CN(C1CCC(=O)NC1=O)C2=O,0.965,0.975,359,509,868
cand_1827,NS(=O)(=O)c1cc2c(cc1F)C(=O)N(C1CCC(=O)NC1=O)C2,0.97,0.97,466,403,869
cand_197,CN(C)c1cc2c(c(N(C)C)c1)C(=O)N(C1CCC(=O)NC1=O)C2=O,0.955,0.98,214,656,870
cand_1422,Nc1ccc2c(c1-c1ccc(N3CCNCC3)cc1)CN(C1CCC(=O)NC1=O)C2=O,0.95,0.995,54,823,877
cand_2001,O=C1CCC(N2Cc3cc(-c4ccc(N5CCNCC5)cc4)c(F)cc3C2=O)C(=O)N1,0.975,0.965,573,307,880
cand_183,COc1cc(O)cc2c1C(=O)N(C1CCC(=O)NC1=O)C2=O,0.95,0.985,132,755,887
cand_1953,CNc1c(OC)ccc2c1CN(C1CCC(=O)NC1=O)C2=O,0.965,0.975,367,525,892
cand_1805,O=C1CCC(N2Cc3cc(C(F)(F)F)c(F)cc3C2=O)C(=O)N1,0.96,0.98,277,617,894
cand_2160,COc1ccc(-c2ccc(N3CCNCC3)cc2)c2c1C(=O)N(C1CCC(=O)NC1=O)C2,0.97,0.97,476,419,895
cand_2056,CCc1c(C#N)ccc2c1CN(C1CCC(=O)NC1=O)C2=O,0.985,0.955,772,128,900
cand_381,O=C1CCC(N2Cc3c(Cl)ccc(-c4ccc(N5CCNCC5)cc4)c3C2=O)C(=O)N1,0.95,0.985,138,763,901
cand_2123,CNc1ccc(-c2ccc(N3CCNCC3)cc2)c2c1C(=O)N(C1CCC(=O)NC1=O)C2,0.965,0.975,374,530,904
cand_1194,O=C1CCC(N2Cc3c(ccc(C(=O)O)c3O)C2=O)C(=O)N1,0.95,0.99,103,807,910
cand_522,O=C1CCC(N2C(=O)c3ccc(Cl)c(O)c3C2=O)C(=O)N1,0.95,0.985,142,769,911
cand_1915,O=C1CCC(N2C(=O)c3cc(C(=O)O)cc(-c4ccc(N5CCNCC5)cc4)c3C2=O)C(=O)N1,0.955,0.985,185,726,911
cand_1186,COc1ccc2c(c1N)C(=O)N(C1CCC(=O)NC1=O)C2=O,0.965,0.97,434,479,913
cand_1188,CNc1ccc2c(c1Br)C(=O)N(C1CCC(=O)NC1=O)C2=O,0.97,0.965,541,374,915
cand_1183,CCc1c(NC)ccc2c1C(=O)N(C1CCC(=O)NC1=O)C2=O,0.975,0.96,641,275,916
cand_2261,CCc1cc2c(cc1-c1ccc(N3CCNCC3)cc1)C(=O)N(C1CCC(=O)NC1=O)C2=O,0.965,0.975,379,537,916
cand_2497,CN(C)c1c(C#N)ccc2c1C(=O)N(C1CCC(=O)NC1=O)C2=O,0.985,0.955,787,129,916
cand_1028,N#Cc1ccc2c(c1I)C(=O)N(C1CCC(=O)NC1=O)C2=O,0.98,0.955,734,183,917
cand_606,COc1cc(O)c2c(c1)C(=O)N(C1CCC(=O)NC1=O)C2=O,0.95,0.985,147,773,920
cand_1069,Cc1ccc2c(c1I)CN(C1CCC(=O)NC1=O)C2=O,0.98,0.955,736,186,922
cand_1272,CNc1c(N)ccc2c1CN(C1CCC(=O)NC1=O)C2=O,0.965,0.97,438,484,922
cand_1287,Nc1c(S(N)(=O)=O)ccc2c1CN(C1CCC(=O)NC1=O)C2=O,0.975,0.96,646,279,925
cand_978,Nc1c(-c2ccc(N3CCNCC3)cc2)ccc2c1C(=O)N(C1CCC(=O)NC1=O)C2,0.955,0.98,243,685,928
cand_80,O=C1CCC(N2C(=O)c3cc(F)c(-c4ccc(N5CCNCC5)cc4)cc3C2=O)C(=O)N1,0.98,0.95,793,136,929
cand_1298,Nc1c(I)ccc2c1CN(C1CCC(=O)NC1=O)C2=O,0.97,0.965,550,379,929
cand_1124,CCc1c(N)ccc2c1CN(C1CCC(=O)NC1=O)C2=O,0.98,0.955,739,191,930
cand_90,Cc1cc2c(cc1Br)C(=O)N(C1CCC(=O)NC1=O)C2,0.965,0.965,497,436,933
cand_1237,COc1cc2c(cc1Br)CN(C1CCC(=O)NC1=O)C2=O,0.96,0.975,344,589,933
cand_750,O=C1CCC(N2C(=O)c3cc(Cl)cc(Br)c3C2=O)C(=O)N1,0.95,0.985,155,781,936
cand_1393,N#Cc1cc2c(cc1Cl)C(=O)N(C1CCC(=O)NC1=O)C2,0.97,0.965,555,381,936
cand_1449,CNc1c(S(N)(=O)=O)ccc2c1CN(C1CCC(=O)NC1=O)C2=O,0.97,0.965,557,384,941
cand_2368,O=C1CCC(N2Cc3cc(C(F)(F)F)cc(-c4ccc(N5CCNCC5)cc4)c3C2=O)C(=O)N1,0.955,0.985,200,742,942
cand_226,CNc1ccc2c(c1C)C(=O)N(C1CCC(=O)NC1=O)C2=O,0.965,0.965,503,441,944
cand_1136,NC(=O)c1c(Br)ccc2c1CN(C1CCC(=O)NC1=O)C2=O,0.955,0.98,248,698,946
cand_2167,CN(C)c1ccc2c(c1C#N)C(=O)N(C1CCC(=O)NC1=O)C2=O,0.99,0.95,869,77,946
cand_2416,O=C1CCC(N2C(=O)c3cc(O)cc(O)c3C2=O)C(=O)N1,0.955,0.985,201,745,946
cand_397,NS(=O)(=O)c1c(I)ccc2c1C(=O)N(C1CCC(=O)NC1=O)C2=O,0.97,0.96,601,347,948
cand_1502,Cc1cc2c(cc1O)C(=O)N(C1CCC(=O)NC1=O)C2,0.97,0.965,560,388,948
cand_910,O=C1CCC(N2C(=O)c3cc(I)cc(O)c3C2=O)C(=O)N1,0.95,0.985,161,791,952
cand_1527,Cc1cc2c(c(-c3ccc(N4CCNCC4)cc3)c1)C(=O)N(C1CCC(=O)NC1=O)C2,0.965,0.97,454,499,953
cand_428,COc1ccc2c(c1N)CN(C1CCC(=O)NC1=O)C2=O,0.97,0.96,604,350,954
cand_1243,CCc1c(C)ccc2c1C(=O)N(C1CCC(=O)NC1=O)C2=O,0.985,0.95,841,116,957
cand_1591,O=C1CCC(N2Cc3ccc(-c4ccc(N5CCNCC5)cc4)c(Cl)c3C2=O)C(=O)N1,0.96,0.975,351,606,957
cand_1306,Cc1c(I)ccc2c1CN(C1CCC(=O)NC1=O)C2=O,0.985,0.95,843,117,960
cand_1604,Nc1cc2c(cc1F)CN(C1CCC(=O)NC1=O)C2=O,0.96,0.975,352,609,961
cand_1800,O=C1CCC(N2C(=O)c3ccc(-c4ccc(N5CCNCC5)cc4)c(C(F)(F)F)c3C2=O)C(=O)N1,0.975,0.96,663,298,961
cand_471,NS(=O)(=O)c1cc2c(cc1S(N)(=O)=O)C(=O)N(C1CCC(=O)NC1=O)C2,0.97,0.96,608,354,962
cand_393,CNc1ccc2c(c1-c1ccc(N3CCNCC3)cc1)CN(C1CCC(=O)NC1=O)C2=O,0.96,0.97,402,562,964
cand_472,NS(=O)(=O)c1c(Cl)ccc2c1CN(C1CCC(=O)NC1=O)C2=O,0.97,0.96,609,355,964
cand_1680,O=C1CCC(N2Cc3ccc(-c4ccc(N5CCNCC5)cc4)c(I)c3C2=O)C(=O)N1,0.96,0.975,357,612,969
cand_1723,NS(=O)(=O)c1cc2c(cc1-c1ccc(N3CCNCC3)cc1)C(=O)N(C1CCC(=O)NC1=O)C2=O,0.965,0.97,462,508,970
cand_1775,N#Cc1ccc2c(c1C(N)=O)CN(C1CCC(=O)NC1=O)C2=O,0.965,0.97,463,510,973
cand_1516,Cc1ccc2c(c1S(N)(=O)=O)C(=O)N(C1CCC(=O)NC1=O)C2=O,0.985,0.95,852,122,974
cand_531,CN(C)c1cc2c(cc1F)C(=O)N(C1CCC(=O)NC1=O)C2=O,0.96,0.97,413,564,977
cand_668,CNc1ccc2c(c1S(N)(=O)=O)C(=O)N(C1CCC(=O)NC1=O)C2=O,0.97,0.96,617,360,977
cand_305,COc1cc(Br)c2c(c1)C(=O)N(C1CCC(=O)NC1=O)C2=O,0.95,0.98,218,761,979
cand_1912,Cc1c(Cl)ccc2c1CN(C1CCC(=O)NC1=O)C2=O,0.97,0.965,570,409,979
cand_646,Cc1ccc(-c2ccc(N3CCNCC3)cc2)c2c1CN(C1CCC(=O)NC1=O)C2=O,0.975,0.955,724,256,980
cand_928,N#Cc1c(-c2ccc(N3CCNCC3)cc2)ccc2c1C(=O)N(C1CCC(=O)NC1=O)C2=O,0.99,0.945,919,62,981
cand_1601,NC(=O)c1ccc2c(c1O)CN(C1CCC(=O)NC1=O)C2=O,0.955,0.98,268,713,981
cand_229,Cc1ccc2c(c1N)CN(C1CCC(=O)NC1=O)C2=O,0.985,0.945,889,93,982
cand_2000,N#Cc1cc2c(cc1O)CN(C1CCC(=O)NC1=O)C2=O,0.975,0.96,676,306,982
cand_1981,COc1ccc2c(c1C#N)C(=O)N(C1CCC(=O)NC1=O)C2=O,0.98,0.955,771,214,985
cand_640,CNc1c(Cl)ccc2c1CN(C1CCC(=O)NC1=O)C2=O,0.955,0.975,319,667,986
cand_756,CNc1ccc(-c2ccc(N3CCNCC3)cc2)c2c1C(=O)N(C1CCC(=O)NC1=O)C2=O,0.97,0.96,624,362,986
cand_1648,O=C1CCC(N2C(=O)c3cc(O)cc(Br)c3C2=O)C(=O)N1,0.955,0.98,270,717,987
cand_2029,O=C1CCC(N2C(=O)c3c(F)ccc(-c4ccc(N5CCNCC5)cc4)c3C2=O)C(=O)N1,0.975,0.96,679,310,989
cand_785,O=C1CCC(N2Cc3cc(F)c(I)cc3C2=O)C(=O)N1,0.96,0.97,419,571,990
cand_1688,O=C1CCC(N2Cc3cc(C(=O)O)cc(-c4ccc(N5CCNCC5)cc4)c3C2=O)C(=O)N1,0.955,0.98,271,719,990
cand_1922,O=C1CCC(N2Cc3c(-c4ccc(N5CCNCC5)cc4)ccc(I)c3C2=O)C(=O)N1,0.965,0.97,469,521,990
cand_1724,CN(C)c1cc(Br)c2c(c1)C(=O)N(C1CCC(=O)NC1=O)C2=O,0.955,0.98,273,720,993
cand_870,NS(=O)(=O)c1c(F)ccc2c1C(=O)N(C1CCC(=O)NC1=O)C2=O,0.97,0.96,629,365,994
cand_846,NC(=O)c1c(N)ccc2c1C(=O)N(C1CCC(=O)NC1=O)C2=O,0.96,0.97,422,573,995
cand_1988,NS(=O)(=O)c1c(Cl)ccc2c1C(=O)N(C1CCC(=O)NC1=O)C2=O,0.96,0.975,368,629,997
cand_888,CNc1cc2c(cc1O)C(=O)N(C1CCC(=O)NC1=O)C2,0.965,0.965,529,469,998
cand_1997,Cc1ccc2c(c1-c1ccc(N3CCNCC3)cc1)CN(C1CCC(=O)NC1=O)C2=O,0.965,0.97,472,526,998
cand_591,COc1cc2c(c(N(C)C)c1)C(=O)N(C1CCC(=O)NC1=O)C2=O,0.95,0.98,229,772,1001
cand_2079,COc1ccc2c(c1F)C(=O)N(C1CCC(=O)NC1=O)C2=O,0.96,0.975,372,632,1004
cand_2293,CCc1c(Br)ccc2c1C(=O)N(C1CCC(=O)NC1=O)C2=O,0.975,0.96,683,321,1004
cand_844,O=C1CCC(N2Cc3c(-c4ccc(N5CCNCC5)cc4)ccc(C(=O)O)c3C2=O)C(=O)N1,0.945,0.99,96,913,1009
cand_1139,CN(C)c1c(N)ccc2c1C(=O)N(C1CCC(=O)NC1=O)C2=O,0.975,0.955,740,271,1011
cand_2178,Nc1cc2c(cc1O)CN(C1CCC(=O)NC1=O)C2=O,0.965,0.97,477,534,1011
cand_2485,O=C1CCC(N2Cc3cc(Cl)c(Br)cc3C2=O)C(=O)N1,0.97,0.965,582,431,1013
cand_1187,O=C1CCC(N2C(=O)c3ccc(Br)c(F)c3C2=O)C(=O)N1,0.97,0.96,642,373,1015
cand_2486,Cc1cc2c(cc1O)CN(C1CCC(=O)NC1=O)C2=O,0.97,0.965,583,432,1015
cand_1134,Cc1cc2c(cc1Br)CN(C1CCC(=O)NC1=O)C2=O,0.965,0.965,539,477,1016
cand_758,NC(=O)c1ccc2c(c1Cl)CN(C1CCC(=O)NC1=O)C2=O,0.95,0.98,236,782,1018
cand_2109,CN(C)c1cc(I)cc2c1C(=O)N(C1CCC(=O)NC1=O)C2=O,0.955,0.98,284,734,1018
cand_44,O=C1CCC(N2Cc3cc(C(=O)O)ccc3C2=O)C(=O)N1,0.965,0.96,585,434,1019
cand_2144,CN(C)c1cc(O)cc2c1C(=O)N(C1CCC(=O)NC1=O)C2=O,0.955,0.98,286,735,1021
cand_1184,CCc1c(N)ccc2c1C(=O)N(C1CCC(=O)NC1=O)C2=O,0.975,0.955,747,276,1023
cand_2279,Cc1cc2c(cc1N(C)C)CN(C1CCC(=O)NC1=O)C2=O,0.965,0.97,485,538,1023
cand_1043,NS(=O)(=O)c1ccc(-c2ccc(N3CCNCC3)cc2)c2c1C(=O)N(C1CCC(=O)NC1=O)C2,0.955,0.975,336,693,1029
cand_1315,O=C1CCC(N2Cc3cc(I)c(F)cc3C2=O)C(=O)N1,0.96,0.97,440,591,1031
cand_1332,CN(C)c1cc(Br)cc2c1C(=O)N(C1CCC(=O)NC1=O)C2=O,0.96,0.97,442,592,1034
cand_1083,O=C1CCC(N2C(=O)c3cc(Br)cc(O)c3C2=O)C(=O)N1,0.955,0.975,340,695,1035
cand_1101,Nc1ccc2c(c1Cl)C(=O)N(C1CCC(=O)NC1=O)C2=O,0.955,0.975,341,696,1037
cand_1061,CCc1c(C)ccc2c1CN(C1CCC(=O)NC1=O)C2=O,0.985,0.945,925,113,1038
cand_1496,CNc1c(C)ccc2c1C(=O)N(C1CCC(=O)NC1=O)C2=O,0.97,0.96,654,387,1041
cand_1363,O=C1CCC(N2C(=O)c3ccc(F)c(F)c3C2=O)C(=O)N1,0.965,0.965,553,491,1044
cand_51,O=C1CCC(N2C(=O)c3cc(Cl)c(Br)cc3C2=O)C(=O)N1,0.95,0.975,297,750,1047
cand_2092,O=C1CCC(N2Cc3cc(F)c(C(=O)O)cc3C2=O)C(=O)N1,0.95,0.985,195,852,1047
cand_179,NC(=O)c1c(I)ccc2c1C(=O)N(C1CCC(=O)NC1=O)C2=O,0.955,0.97,395,654,1049
cand_1649,N#Cc1ccc2c(c1C(N)=O)C(=O)N(C1CCC(=O)NC1=O)C2=O,0.975,0.955,758,292,1050
cand_1650,CCc1c(F)ccc2c1C(=O)N(C1CCC(=O)NC1=O)C2=O,0.975,0.955,759,293,1052
cand_1684,Cc1c(I)ccc2c1C(=O)N(C1CCC(=O)NC1=O)C2=O,0.975,0.955,762,294,1056
cand_1497,N#Cc1cc2c(cc1F)C(=O)N(C1CCC(=O)NC1=O)C2,0.955,0.975,348,710,1058
cand_1284,NC(=O)c1ccc2c(c1-c1ccc(N3CCNCC3)cc1)C(=O)N(C1CCC(=O)NC1=O)C2=O,0.95,0.98,252,813,1065
cand_1678,CNc1cc2c(cc1N(C)C)C(=O)N(C1CCC(=O)NC1=O)C2,0.96,0.97,458,611,1069
cand_328,O=C1CCC(N2Cc3cc(I)c(Br)cc3C2=O)C(=O)N1,0.96,0.965,509,561,1070
cand_842,O=C1CCC(N2Cc3c(ccc(C(F)(F)F)c3-c3ccc(N4CCNCC4)cc3)C2=O)C(=O)N1,0.945,0.985,158,912,1070
cand_648,CN(C)c1cc2c(c(C(F)(F)F)c1)C(=O)N(C1CCC(=O)NC1=O)C2=O,0.965,0.96,616,456,1072
cand_1702,Cc1cc2c(cc1C)C(=O)N(C1CCC(=O)NC1=O)C2,0.965,0.965,566,506,1072
cand_528,Nc1ccc(-c2ccc(N3CCNCC3)cc2)c2c1C(=O)N(C1CCC(=O)NC1=O)C2=O,0.955,0.97,412,665,1077
cand_1910,NS(=O)(=O)c1cc2c(cc1F)CN(C1CCC(=O)NC1=O)C2=O,0.97,0.96,671,408,1079
cand_1849,CN(C)c1ccc2c(c1F)C(=O)N(C1CCC(=O)NC1=O)C2=O,0.965,0.965,568,513,1081
cand_119,O=C1CCC(N2C(=O)c3cc(Cl)cc(Cl)c3C2=O)C(=O)N1,0.945,0.98,208,874,1082
cand_2223,O=C1CCC(N2C(=O)c3cc(Cl)cc(O)c3C2=O)C(=O)N1,0.945,0.99,116,967,1083
cand_1431,O=C1CCC(N2Cc3cc(O)c(C(=O)O)cc3C2=O)C(=O)N1,0.95,0.98,260,825,1085
cand_693,CN(C)c1cc2c(cc1I)C(=O)N(C1CCC(=O)NC1=O)C2=O,0.955,0.97,416,670,1086
cand_1853,NC(=O)c1c(S(N)(=O)=O)ccc2c1CN(C1CCC(=O)NC1=O)C2=O,0.955,0.975,363,724,1087
cand_633,O=C1CCC(N2C(=O)c3c(I)ccc(-c4ccc(N5CCNCC5)cc4)c3C2=O)C(=O)N1,0.96,0.965,520,568,1088
cand_2016,NS(=O)(=O)c1cc2c(cc1Br)CN(C1CCC(=O)NC1=O)C2=O,0.97,0.96,677,411,1088
cand_622,CN(C)c1cc(Cl)c2c(c1)C(=O)N(C1CCC(=O)NC1=O)C2=O,0.95,0.975,317,774,1091
cand_836,CCc1c(S(N)(=O)=O)ccc2c1C(=O)N(C1CCC(=O)NC1=O)C2=O,0.98,0.945,914,178,1092
cand_636,O=C1CCC(N2C(=O)c3c(Cl)ccc(-c4ccc(N5CCNCC5)cc4)c3C2=O)C(=O)N1,0.95,0.975,318,775,1093
cand_886,N#Cc1cc2c(cc1O)C(=O)N(C1CCC(=O)NC1=O)C2,0.97,0.955,731,366,1097
cand_1221,COc1cc(I)cc2c1C(=O)N(C1CCC(=O)NC1=O)C2=O,0.945,0.985,167,933,1100
cand_2255,N#Cc1cc2c(cc1C#N)C(=O)N(C1CCC(=O)NC1=O)C2,0.965,0.965,577,536,1113
cand_483,CN(C)c1c(C(=O)O)ccc2c1CN(C1CCC(=O)NC1=O)C2=O,0.945,0.98,226,889,1115
cand_2374,Nc1ccc2c(c1S(N)(=O)=O)CN(C1CCC(=O)NC1=O)C2=O,0.97,0.96,688,428,1116
cand_1182,CNc1c(S(N)(=O)=O)ccc2c1C(=O)N(C1CCC(=O)NC1=O)C2=O,0.965,0.96,640,478,1118
cand_1128,NC(=O)c1c(F)ccc2c1C(=O)N(C1CCC(=O)NC1=O)C2=O,0.96,0.965,537,582,1119
cand_1207,NS(=O)(=O)c1ccc2c(c1C(=O)O)C(=O)N(C1CCC(=O)NC1=O)C2=O,0.965,0.96,643,480,1123
cand_2300,CN(C)c1cc2c(cc1Cl)C(=O)N(C1CCC(=O)NC1=O)C2=O,0.96,0.97,486,638,1124
cand_2453,Cc1c(-c2ccc(N3CCNCC3)cc2)ccc2c1C(=O)N(C1CCC(=O)NC1=O)C2,0.965,0.965,580,547,1127
cand_55,O=C1CCC(N2C(=O)c3cc(C(F)(F)F)cc(Br)c3C2=O)C(=O)N1,0.965,0.955,696,435,1131
cand_163,COc1ccc2c(c1C(F)(F)F)CN(C1CCC(=O)NC1=O)C2=O,0.98,0.94,991,141,1132
cand_920,Cc1ccc2c(c1C(F)(F)F)C(=O)N(C1CCC(=O)NC1=O)C2=O,0.985,0.94,1026,110,1136
cand_710,Nc1cc2c(cc1N)C(=O)N(C1CCC(=O)NC1=O)C2=O,0.945,0.98,234,903,1137
cand_1214,CNc1ccc2c(c1Cl)C(=O)N(C1CCC(=O)NC1=O)C2=O,0.955,0.97,435,704,1139
cand_185,NC(=O)c1ccc2c(c1S(N)(=O)=O)C(=O)N(C1CCC(=O)NC1=O)C2=O,0.965,0.955,702,440,1142
cand_349,CN(C)c1cc2c(cc1S(N)(=O)=O)CN(C1CCC(=O)NC1=O)C2=O,0.97,0.95,803,343,1146
cand_1598,COc1cc2c(cc1O)C(=O)N(C1CCC(=O)NC1=O)C2=O,0.94,0.99,108,1038,1146
cand_259,CCc1cc2c(cc1F)C(=O)N(C1CCC(=O)NC1=O)C2,0.96,0.96,594,558,1152
cand_564,Cc1ccc2c(c1N)C(=O)N(C1CCC(=O)NC1=O)C2=O,0.975,0.945,900,254,1154
cand_872,N#Cc1c(C(N)=O)ccc2c1CN(C1CCC(=O)NC1=O)C2=O,0.945,0.98,240,916,1156
cand_932,COc1cc(OC)c2c(c1)C(=O)N(C1CCC(=O)NC1=O)C2=O,0.945,0.98,241,920,1161
cand_1746,Cc1ccc2c(c1I)C(=O)N(C1CCC(=O)NC1=O)C2=O,0.97,0.955,764,397,1161
cand_1518,CNc1c(F)ccc2c1C(=O)N(C1CCC(=O)NC1=O)C2=O,0.96,0.965,561,602,1163
cand_22,NS(=O)(=O)c1ccc2c(c1C(=O)O)CN(C1CCC(=O)NC1=O)C2=O,0.945,0.975,295,870,1165
cand_273,O=C1CCC(N2C(=O)c3cc(Br)cc(Cl)c3C2=O)C(=O)N1,0.955,0.965,507,658,1165
cand_1562,O=C1CCC(N2Cc3cc(Br)c(I)cc3C2=O)C(=O)N1,0.96,0.965,563,603,1166
cand_399,NS(=O)(=O)c1cc(O)c2c(c1)C(=O)N(C1CCC(=O)NC1=O)C2=O,0.95,0.97,403,764,1167
cand_501,N#Cc1ccc2c(c1)CN(C1CCC(=O)NC1=O)C2=O,0.98,0.94,1007,165,1172
cand_2361,CNc1ccc2c(c1F)CN(C1CCC(=O)NC1=O)C2=O,0.945,0.985,199,975,1174
cand_599,Nc1c(F)ccc2c1C(=O)N(C1CCC(=O)NC1=O)C2=O,0.965,0.955,722,454,1176
cand_1899,CN(C)c1cc2c(cc1Cl)CN(C1CCC(=O)NC1=O)C2=O,0.97,0.955,769,407,1176
cand_545,Nc1c(I)ccc2c1C(=O)N(C1CCC(=O)NC1=O)C2=O,0.96,0.96,611,566,1177
cand_1999,N#Cc1ccc(-c2ccc(N3CCNCC3)cc2)c2c1C(=O)N(C1CCC(=O)NC1=O)C2=O,0.98,0.945,963,215,1178
cand_1267,NC(=O)c1c(-c2ccc(N3CCNCC3)cc2)ccc2c1C(=O)N(C1CCC(=O)NC1=O)C2,0.945,0.98,251,934,1185
cand_718,N#Cc1cc2c(cc1I)CN(C1CCC(=O)NC1=O)C2=O,0.965,0.955,725,461,1186
cand_294,NS(=O)(=O)c1cc(Cl)cc2c1C(=O)N(C1CCC(=O)NC1=O)C2=O,0.945,0.975,304,883,1187
cand_674,N#Cc1c(F)ccc2c1C(=O)N(C1CCC(=O)NC1=O)C2=O,0.98,0.94,1016,171,1187
cand_712,CN(C)c1cc2c(cc1C(N)=O)C(=O)N(C1CCC(=O)NC1=O)C2,0.96,0.96,621,569,1190
cand_2494,O=C1CCC(N2Cc3c(ccc(C(=O)O)c3C(F)(F)F)C2=O)C(=O)N1,0.94,0.99,123,1067,1190
cand_1322,CN(C)c1c(Cl)ccc2c1C(=O)N(C1CCC(=O)NC1=O)C2=O,0.945,0.98,256,936,1192
cand_770,N#Cc1c(N)ccc2c1C(=O)N(C1CCC(=O)NC1=O)C2=O,0.98,0.94,1020,176,1196
cand_1931,O=C1CCC(N2Cc3cc(I)c(I)cc3C2=O)C(=O)N1,0.96,0.965,571,625,1196
cand_535,Cc1c(C#N)ccc2c1C(=O)N(C1CCC(=O)NC1=O)C2=O,0.99,0.935,1139,58,1197
cand_1564,O=C1CCC(N2C(=O)c3ccc(Cl)c(I)c3C2=O)C(=O)N1,0.945,0.98,267,945,1212
cand_946,Nc1cc2c(cc1S(N)(=O)=O)CN(C1CCC(=O)NC1=O)C2=O,0.95,0.97,425,792,1217
cand_2059,O=C1CCC(N2C(=O)c3cc(I)cc(Cl)c3C2=O)C(=O)N1,0.95,0.975,370,849,1219
cand_2403,Cc1cc2c(cc1Cl)C(=O)N(C1CCC(=O)NC1=O)C2,0.96,0.965,579,642,1221
cand_1133,CNc1ccc2c(c1C(=O)O)C(=O)N(C1CCC(=O)NC1=O)C2=O,0.96,0.96,639,583,1222
cand_1088,NS(=O)(=O)c1ccc2c(c1C(F)(F)F)C(=O)N(C1CCC(=O)NC1=O)C2=O,0.98,0.94,1038,188,1226
cand_762,COc1cc(Cl)c2c(c1)C(=O)N(C1CCC(=O)NC1=O)C2=O,0.945,0.975,324,905,1229
cand_2354,O=C1CCC(N2Cc3ccc(-c4ccc(N5CCNCC5)cc4)c(C(F)(F)F)c3C2=O)C(=O)N1,0.955,0.97,489,740,1229
cand_2359,NS(=O)(=O)c1cc2c(cc1C(F)(F)F)CN(C1CCC(=O)NC1=O)C2=O,0.965,0.96,686,543,1229
cand_592,NC(=O)c1ccc2c(c1-c1ccc(N3CCNCC3)cc1)CN(C1CCC(=O)NC1=O)C2=O,0.94,0.98,230,1001,1231
cand_2355,NC(=O)c1ccc2c(c1O)C(=O)N(C1CCC(=O)NC1=O)C2=O,0.955,0.97,490,741,1231
cand_2371,CCc1c(OC)ccc2c1CN(C1CCC(=O)NC1=O)C2=O,0.965,0.96,687,544,1231
cand_1429,CCc1cc2c(cc1O)C(=O)N(C1CCC(=O)NC1=O)C2,0.97,0.95,849,383,1232
cand_833,O=C1CCC(N2C(=O)c3cc(O)cc(Cl)c3C2=O)C(=O)N1,0.945,0.975,326,910,1236
cand_2433,O=C1CCC(N2Cc3c(ccc(I)c3O)C2=O)C(=O)N1,0.965,0.96,691,545,1236
cand_1491,N#Cc1ccc2c(c1C(=O)O)C(=O)N(C1CCC(=O)NC1=O)C2=O,0.97,0.95,851,386,1237
cand_102,COc1cc2c(c(C(F)(F)F)c1)C(=O)N(C1CCC(=O)NC1=O)C2=O,0.955,0.96,588,650,1238
cand_696,O=C1CCC(N2C(=O)c3cc(O)c(Cl)cc3C2=O)C(=O)N1,0.94,0.98,232,1006,1238
cand_698,Nc1cc2c(cc1O)C(=O)N(C1CCC(=O)NC1=O)C2=O,0.94,0.98,233,1007,1240
cand_251,NS(=O)(=O)c1c(I)ccc2c1CN(C1CCC(=O)NC1=O)C2=O,0.965,0.95,801,442,1243
cand_2050,COc1cc(N(C)C)cc2c1C(=O)N(C1CCC(=O)NC1=O)C2=O,0.94,0.985,192,1053,1245
cand_1397,O=C1CCC(N2Cc3cc(I)c(O)cc3C2=O)C(=O)N1,0.965,0.955,753,493,1246
cand_898,CNc1cc(N(C)C)cc2c1C(=O)N(C1CCC(=O)NC1=O)C2=O,0.945,0.975,329,918,1247
cand_2404,CN(C)c1cc(Cl)cc2c1C(=O)N(C1CCC(=O)NC1=O)C2=O,0.95,0.975,383,866,1249
cand_247,CNc1cc(C(F)(F)F)cc2c1C(=O)N(C1CCC(=O)NC1=O)C2=O,0.955,0.96,593,657,1250
cand_129,NS(=O)(=O)c1cc2c(cc1I)C(=O)N(C1CCC(=O)NC1=O)C2,0.96,0.955,699,554,1253
cand_1323,O=C1CCC(N2C(=O)c3ccc(C(=O)O)c(O)c3C2=O)C(=O)N1,0.95,0.97,441,815,1256
cand_202,Nc1ccc2c(c1C(=O)O)C(=O)N(C1CCC(=O)NC1=O)C2=O,0.96,0.955,704,555,1259
cand_1340,N#Cc1cc2c(cc1N)C(=O)N(C1CCC(=O)NC1=O)C2,0.95,0.97,443,816,1259
cand_385,O=C1CCC(N2C(=O)c3cc(Cl)cc(C(F)(F)F)c3C2=O)C(=O)N1,0.955,0.96,600,660,1260
cand_216,O=C1CCC(N2C(=O)c3cc(C(F)(F)F)cc(Cl)c3C2=O)C(=O)N1,0.96,0.955,706,556,1262
cand_1834,Cc1ccc2c(c1C(=O)O)C(=O)N(C1CCC(=O)NC1=O)C2=O,0.97,0.95,858,404,1262
cand_1935,CCc1c(I)ccc2c1CN(C1CCC(=O)NC1=O)C2=O,0.975,0.945,959,303,1262
cand_239,O=C1CCC(N2C(=O)c3ccc(Cl)c(Cl)c3C2=O)C(=O)N1,0.95,0.965,506,758,1264
cand_1682,NC(=O)c1cc2c(cc1F)CN(C1CCC(=O)NC1=O)C2=O,0.965,0.955,761,505,1266
cand_1705,Cc1ccc2c(c1C(N)=O)CN(C1CCC(=O)NC1=O)C2=O,0.965,0.955,763,507,1270
cand_658,O=C1CCC(N2C(=O)c3ccc(I)c(Br)c3C2=O)C(=O)N1,0.965,0.95,814,457,1271
cand_1730,CN(C)c1cc(C(F)(F)F)cc2c1C(=O)N(C1CCC(=O)NC1=O)C2=O,0.96,0.96,660,615,1275
cand_546,CN(C)c1c(C(N)=O)ccc2c1C(=O)N(C1CCC(=O)NC1=O)C2=O,0.955,0.96,612,666,1278
cand_1622,COc1cc(C(F)(F)F)cc2c1C(=O)N(C1CCC(=O)NC1=O)C2=O,0.955,0.965,564,714,1278
cand_1804,CCc1c(-c2ccc(N3CCNCC3)cc2)ccc2c1C(=O)N(C1CCC(=O)NC1=O)C2,0.965,0.955,766,512,1278
cand_325,N#Cc1c(I)ccc2c1C(=O)N(C1CCC(=O)NC1=O)C2=O,0.98,0.935,1126,154,1280
cand_500,O=C1CCC(N2C(=O)c3cc(I)cc(C(F)(F)F)c3C2=O)C(=O)N1,0.96,0.955,717,563,1280
cand_2108,CCc1cc2c(cc1O)CN(C1CCC(=O)NC1=O)C2=O,0.97,0.95,868,414,1282
cand_1848,NC(=O)c1cc2c(cc1O)CN(C1CCC(=O)NC1=O)C2=O,0.96,0.96,667,618,1285
cand_684,CCc1cc2c(cc1C(F)(F)F)CN(C1CCC(=O)NC1=O)C2=O,0.955,0.96,618,668,1286
cand_1870,NS(=O)(=O)c1ccc(-c2ccc(N3CCNCC3)cc2)c2c1C(=O)N(C1CCC(=O)NC1=O)C2=O,0.96,0.96,669,621,1290
cand_1501,COc1cc(Cl)cc2c1C(=O)N(C1CCC(=O)NC1=O)C2=O,0.945,0.975,349,942,1291
cand_714,CNc1ccc2c(c1F)C(=O)N(C1CCC(=O)NC1=O)C2=O,0.955,0.96,622,671,1293
cand_1706,CNc1cc(O)cc2c1C(=O)N(C1CCC(=O)NC1=O)C2=O,0.95,0.97,461,837,1298
cand_1985,NC(=O)c1cc2c(cc1Br)CN(C1CCC(=O)NC1=O)C2=O,0.96,0.96,674,627,1301
cand_823,N#Cc1cc2c(cc1I)C(=O)N(C1CCC(=O)NC1=O)C2,0.96,0.955,730,572,1302
cand_1651,O=C1CCC(N2Cc3c(ccc(C(=O)O)c3F)C2=O)C(=O)N1,0.93,0.995,57,1245,1302
cand_716,NS(=O)(=O)c1cc(O)cc2c1C(=O)N(C1CCC(=O)NC1=O)C2=O,0.95,0.965,523,780,1303
cand_1992,O=C1CCC(N2Cc3c(cc(C(F)(F)F)cc3-c3ccc(N4CCNCC4)cc3)C2=O)C(=O)N1,0.96,0.96,675,630,1305
cand_1893,CNc1cc2c(c(N(C)C)c1)C(=O)N(C1CCC(=O)NC1=O)C2=O,0.95,0.97,467,839,1306
cand_2451,O=C1CCC(N2Cc3cc(-c4ccc(N5CCNCC5)cc4)c(C(F)(F)F)cc3C2=O)C(=O)N1,0.97,0.95,877,430,1307
cand_2019,CCc1cc2c(cc1F)CN(C1CCC(=O)NC1=O)C2=O,0.96,0.96,678,631,1309
cand_2154,Cc1cc2c(cc1C#N)C(=O)N(C1CCC(=O)NC1=O)C2,0.965,0.955,777,532,1309
cand_610,NC(=O)c1ccc2c(c1S(N)(=O)=O)CN(C1CCC(=O)NC1=O)C2=O,0.945,0.97,415,896,1311
cand_2163,O=C1CCC(N2Cc3cc(O)c(I)cc3C2=O)C(=O)N1,0.965,0.955,779,533,1312
cand_1962,NC(=O)c1ccc2c(c1C(N)=O)C(=O)N(C1CCC(=O)NC1=O)C2=O,0.95,0.97,470,843,1313
cand_1370,N#Cc1cc2c(cc1S(N)(=O)=O)CN(C1CCC(=O)NC1=O)C2=O,0.97,0.945,934,380,1314
cand_1963,COc1cc2c(cc1N)C(=O)N(C1CCC(=O)NC1=O)C2,0.95,0.97,471,844,1315
cand_864,CNc1cc(O)c2c(c1)C(=O)N(C1CCC(=O)NC1=O)C2=O,0.95,0.965,528,788,1316
cand_691,O=C1CCC(N2C(=O)c3cc(C(=O)O)c(-c4ccc(N5CCNCC5)cc4)cc3C2=O)C(=O)N1,0.935,0.98,231,1086,1317
cand_71,N#Cc1ccc2c(c1)C(=O)N(C1CCC(=O)NC1=O)C2=O,0.97,0.94,987,333,1320
cand_1799,O=C1CCC(N2Cc3c(ccc(Cl)c3C(=O)O)C2=O)C(=O)N1,0.94,0.98,275,1046,1321
cand_88,O=C1CCC(N2Cc3ccc([N+](=O)[O-])cc3C2=O)C(=O)N1,0.985,0.93,1241,84,1325
cand_679,O=C1CCC(N2Cc3ccc(-c4ccc(N5CCNCC5)cc4)c(C(=O)O)c3C2=O)C(=O)N1,0.94,0.975,321,1005,1326
cand_1951,O=C1CCC(N2Cc3c(ccc(C(=O)O)c3I)C2=O)C(=O)N1,0.935,0.985,187,1139,1326
cand_1483,Cc1ccc2c(c1F)C(=O)N(C1CCC(=O)NC1=O)C2=O,0.97,0.945,942,385,1327
cand_2384,CNc1cc2c(cc1C#N)C(=O)N(C1CCC(=O)NC1=O)C2,0.96,0.96,689,641,1330
cand_601,NC(=O)c1c(C(=O)O)ccc2c1CN(C1CCC(=O)NC1=O)C2=O,0.93,0.985,146,1185,1331
cand_1049,O=C1CCC(N2C(=O)c3cc(F)c(Cl)cc3C2=O)C(=O)N1,0.95,0.965,533,799,1332
cand_2187,O=C1CCC(N2C(=O)c3c(C(=O)O)ccc(-c4ccc(N5CCNCC5)cc4)c3C2=O)C(=O)N1,0.95,0.97,479,856,1335
cand_1285,O=C1CCC(N2C(=O)c3ccc(F)c(I)c3C2=O)C(=O)N1,0.96,0.955,749,590,1339
cand_101,CNc1c(N)ccc2c1C(=O)N(C1CCC(=O)NC1=O)C2=O,0.95,0.96,587,753,1340
cand_405,Cc1ccc(-c2ccc(N3CCNCC3)cc2)c2c1C(=O)N(C1CCC(=O)NC1=O)C2=O,0.965,0.945,892,448,1340
cand_1081,O=C1CCC(N2Cc3c(ccc(C(F)(F)F)c3F)C2=O)C(=O)N1,0.935,0.98,246,1099,1345
