name,crbn_affinity,ppil4_affinity,combined_affinity,overlap,consistent,n_contacts,overlap_atoms
cand_672,-9.163,-7.207,-16.37,0.6060606060606061,False,12,"C,C,C,C,C,C,O,N,C,C,C,C,C,C,C,C,O,C,O,H"
cand_2330,-10.207,-6.035,-16.242,0.6666666666666666,False,13,"N,C,C,C,Br,C,C,C,C,O,C,O,C,C,C,C,C,C,C,C,N,H"
cand_381,-10.193,-5.924,-16.117,0.71875,False,12,"C,C,C,Cl,C,C,C,C,C,O,C,O,C,C,N,C,C,O,H,C,C,C,C"
cand_2123,-9.7,-6.367,-16.067,0.6470588235294118,False,11,"C,C,C,C,C,O,N,C,N,C,H,C,C,C,C,C,C,C,C,C,C,C"
cand_1800,-9.083,-6.952,-16.035,0.5555555555555556,False,11,"N,C,C,C,C,C,O,O,C,N,C,O,H,C,F,F,F,C,C,C"
cand_1992,-9.364,-6.635,-15.999,0.84375,False,12,"N,C,C,C,C,C,C,C,O,C,O,C,C,N,C,C,O,H,C,C,C,C,C,C,C,F,F"
cand_708,-9.508,-6.463,-15.971,0.6571428571428571,False,12,"N,C,C,C,C,C,C,C,C,O,N,C,O,C,C,C,H,C,C,C,N,C,O"
cand_443,-9.405,-6.527,-15.931999999999999,0.5757575757575758,False,11,"N,C,C,C,C,F,C,C,O,C,O,C,C,N,C,O,C,C,C"
cand_1092,-9.927,-5.978,-15.905,0.5757575757575758,False,12,"N,C,C,C,C,Cl,C,C,C,C,O,C,O,C,C,C,C,C,C"
cand_271,-9.951,-5.92,-15.871,0.7878787878787878,False,12,"C,C,C,C,C,C,C,O,C,O,N,C,C,C,C,C,C,C,C,C,C,N,O,C,O,H"
cand_1360,-9.89,-5.963,-15.853000000000002,0.8,False,12,"C,C,C,C,C,O,C,O,C,C,N,C,C,O,H,C,C,C,C,C,N,C,C,C"
cand_528,-9.967,-5.845,-15.812000000000001,0.7142857142857143,False,12,"C,C,C,C,C,C,C,O,N,C,O,N,H,H,C,C,C,C,C,C,C,C,C,C,O"
cand_465,-9.932,-5.874,-15.806000000000001,0.7,False,12,"C,C,C,Br,C,C,C,C,O,C,O,C,C,N,C,C,O,H,C,C,C"
cand_636,-9.342,-6.449,-15.791,0.6764705882352942,False,11,"N,C,O,C,C,Cl,C,C,C,C,C,O,O,C,N,C,O,H,C,C,C,C,C"
cand_756,-9.899,-5.849,-15.748,0.6666666666666666,False,11,"C,C,C,C,C,C,C,O,N,C,O,N,C,H,C,C,C,C,C,C,C,C,C,O"
cand_1096,-8.97,-6.771,-15.741,0.5428571428571428,False,11,"C,C,C,C,C,C,C,O,N,C,O,O,C,C,C,C,C,C,C"
cand_1987,-9.759,-5.98,-15.739,0.7352941176470589,False,12,"C,C,C,C,C,O,N,C,N,C,C,C,C,C,N,C,C,C,N,H,C,C,C,C,O"
cand_1074,-9.179,-6.556,-15.735,0.5675675675675675,False,11,"N,C,O,C,C,C,C,C,C,C,O,O,C,N,C,O,H,C,C,C,C"
cand_1066,-9.332,-6.401,-15.733,0.5625,False,11,"C,C,C,C,C,C,C,O,N,C,C,C,C,C,C,N,O,H"
cand_633,-9.354,-6.366,-15.719999999999999,0.6764705882352942,False,11,"C,O,C,C,I,C,C,C,C,C,O,O,C,N,C,O,H,C,C,C,C,C,C"
cand_1419,-9.865,-5.807,-15.672,0.78125,False,12,"C,C,C,C,C,C,O,N,C,C,C,C,C,N,C,C,C,C,C,C,N,O,C,O,H"
cand_1959,-9.712,-5.947,-15.658999999999999,0.75,False,12,"N,C,C,C,C,C,C,C,O,C,O,C,C,C,C,C,C,N,C,C,C,N,O,H"
cand_151,-10.051,-5.535,-15.586,0.8928571428571429,False,11,"C,C,C,C,C,C,C,N,C,O,S,O,N,H,H,F,C,C,C,C,N,O,C,O,H"
cand_598,-10.098,-5.441,-15.539000000000001,0.92,False,11,"N,C,O,C,C,C,C,Br,C,C,C,O,C,O,C,C,N,C,C,O,H,C,F"
cand_646,-9.344,-6.184,-15.527999999999999,0.7575757575757576,False,11,"C,C,C,C,C,C,C,C,C,O,C,C,C,N,C,C,C,N,H,C,N,O,C,O,H"
cand_1649,-9.822,-5.662,-15.483999999999998,0.8888888888888888,False,11,"N,C,C,C,C,C,C,C,C,O,N,C,O,N,H,C,C,C,C,N,O,C,O,H"
cand_2494,-9.798,-5.646,-15.443999999999999,0.8518518518518519,False,11,"N,C,C,C,C,C,C,C,C,O,C,O,C,C,N,C,C,O,H,F,F,C,O"
cand_1,-9.215,-6.225,-15.44,0.625,False,12,"N,C,O,C,C,C,C,C,C,C,O,C,N,C,O,H,C,C,C,C"
cand_1172,-9.689,-5.736,-15.425,0.9166666666666666,False,11,"N,C,C,C,C,C,C,F,C,C,O,C,O,C,N,C,O,H,C,F,F,F"
cand_1462,-9.536,-5.871,-15.407,0.9259259259259259,False,11,"C,C,C,C,C,O,N,C,O,S,O,N,H,H,O,H,C,C,C,C,N,O,C,O,H"
cand_2029,-9.231,-6.143,-15.373999999999999,0.6176470588235294,False,11,"N,C,O,C,C,F,C,C,C,C,C,O,O,C,N,C,O,H,C,C,C"
cand_11,-9.625,-5.742,-15.367,0.9230769230769231,False,11,"C,C,C,C,C,C,C,O,N,C,O,S,N,H,H,C,C,C,C,N,O,C,O,H"
cand_1069,-9.848,-5.486,-15.334,0.9523809523809523,False,11,"C,C,C,C,C,C,C,C,N,C,O,C,C,C,C,N,O,C,O,H"
cand_2392,-9.107,-6.226,-15.332999999999998,0.7142857142857143,False,12,"N,C,C,C,C,C,C,C,C,O,C,O,C,C,N,C,O,H,C,C,C,C,C,O,H"
cand_1806,-8.75,-6.581,-15.331,0.8571428571428571,False,11,"C,C,C,C,C,C,C,O,N,C,N,C,C,C,C,C,C,C,C,N,C,C,C,C,C,N,O,C,O,H"
cand_2373,-9.822,-5.498,-15.32,0.9523809523809523,False,11,"N,C,C,C,C,C,C,Br,C,C,O,C,O,C,C,N,C,C,O,H"
cand_1898,-9.851,-5.468,-15.319,0.9523809523809523,False,11,"C,C,C,C,C,C,C,C,N,C,O,C,C,C,C,N,O,C,O,H"
cand_920,-9.696,-5.614,-15.309999999999999,0.84,False,11,"C,C,C,C,C,C,C,C,O,C,O,C,F,F,C,C,N,O,C,O,H"
cand_2033,-9.695,-5.613,-15.308,0.9230769230769231,False,11,"C,C,C,C,C,C,C,N,C,O,S,O,N,H,H,C,C,C,C,N,O,C,O,H"
cand_343,-9.729,-5.574,-15.302999999999999,0.9230769230769231,False,11,"C,C,C,C,C,C,C,N,C,O,S,O,N,H,H,C,C,C,C,N,O,C,O,H"
cand_325,-10.111,-5.185,-15.296,0.8695652173913043,False,11,"C,C,I,C,C,C,C,C,N,C,O,C,C,C,C,N,O,C,O,H"
cand_1803,-9.359,-5.909,-15.268,0.696969696969697,False,11,"N,O,C,C,Br,C,C,C,C,C,O,O,C,N,C,O,H,C,C,C,C,C,C"
cand_2426,-8.771,-6.489,-15.260000000000002,0.8235294117647058,False,11,"C,C,C,C,C,N,C,O,C,C,C,C,C,C,N,C,C,C,N,H,C,C,C,N,O,C,O,H"
cand_234,-9.282,-5.977,-15.259,0.8181818181818182,False,12,"N,C,C,C,C,C,C,C,C,N,C,O,C,C,C,C,N,C,C,C,C,C,N,O,C,O,H"
cand_1064,-9.494,-5.764,-15.258,0.9130434782608695,False,11,"N,C,C,C,C,C,C,C,C,N,C,O,O,H,C,C,N,O,C,O,H"
cand_1181,-9.785,-5.473,-15.258,0.9523809523809523,False,11,"N,C,C,C,C,C,C,I,C,C,O,C,O,C,C,N,C,C,O,H"
cand_1246,-9.806,-5.433,-15.238999999999999,0.9523809523809523,False,11,"N,C,C,C,C,C,C,Cl,C,C,O,C,O,C,C,N,C,C,O,H"
cand_1796,-9.807,-5.425,-15.232,0.9523809523809523,False,11,"N,C,C,C,C,C,C,Cl,C,C,O,C,O,C,C,N,C,C,O,H"
cand_1719,-9.053,-6.172,-15.225000000000001,0.5151515151515151,False,11,"N,C,O,C,C,C,C,C,C,C,N,C,O,H,C,C,C"
cand_770,-9.795,-5.426,-15.221,0.88,False,11,"N,C,C,C,C,C,C,C,C,O,N,C,N,H,C,C,C,N,O,C,O,H"
cand_330,-9.62,-5.598,-15.218,0.9230769230769231,False,11,"C,C,C,C,C,C,C,N,C,O,S,O,N,H,H,C,C,C,C,N,O,C,O,H"
cand_2455,-9.741,-5.473,-15.213999999999999,0.9523809523809523,False,11,"N,C,C,C,C,C,C,I,C,C,O,C,O,C,C,N,C,C,O,H"
cand_739,-9.366,-5.824,-15.19,0.9230769230769231,False,11,"C,C,C,C,C,C,C,N,C,O,N,H,H,C,F,F,F,C,C,N,O,C,O,H"
cand_1441,-9.722,-5.463,-15.184999999999999,1.0,False,11,"C,C,C,C,C,C,C,F,C,N,C,O,C,C,C,C,N,O,C,O,H"
cand_2355,-9.418,-5.752,-15.169999999999998,0.7777777777777778,False,11,"C,C,C,C,C,C,C,O,N,C,O,O,H,C,C,C,N,O,C,O,H"
cand_912,-9.657,-5.51,-15.167,1.0,False,11,"N,C,C,C,C,C,C,I,C,F,C,O,C,O,C,C,N,C,C,O,H"
cand_1464,-9.681,-5.486,-15.166999999999998,1.0,False,11,"N,C,C,C,C,C,C,Br,C,F,C,O,C,O,C,C,N,C,C,O,H"
cand_1622,-9.717,-5.441,-15.158000000000001,0.96,False,11,"C,C,C,C,C,C,C,O,N,C,O,C,C,F,F,C,C,C,C,N,O,C,O,H"
cand_83,-9.563,-5.572,-15.135000000000002,1.0,False,11,"N,C,O,C,C,C,C,F,C,C,C,O,C,O,C,C,N,C,C,O,H"
cand_757,-9.878,-5.25,-15.128,0.8260869565217391,False,11,"N,C,C,C,C,C,C,C,Cl,C,O,N,C,O,C,C,C,C,O"
cand_2417,-9.846,-5.273,-15.119,1.0,False,11,"C,C,C,C,O,N,C,O,H,N,N,C,C,C,C,C,C,C,C,C,N,C,O"
cand_1141,-9.665,-5.45,-15.114999999999998,0.9166666666666666,False,11,"C,C,C,C,C,C,C,C,N,C,O,N,C,C,C,C,C,N,O,C,O,H"
cand_1228,-9.523,-5.588,-15.111,1.0,False,11,"N,C,C,C,C,C,C,C,C,N,C,O,O,H,C,C,C,C,N,O,C,O,H"
cand_599,-9.553,-5.545,-15.098,1.0,False,11,"C,C,F,C,C,C,C,C,O,N,C,O,N,H,H,C,C,C,C,N,O,C,O,H"
cand_2162,-9.731,-5.348,-15.079,0.9523809523809523,False,11,"N,C,C,C,C,C,C,F,C,C,O,C,O,C,C,N,C,C,O,H"
cand_65,-9.604,-5.473,-15.076999999999998,0.9523809523809523,False,11,"N,C,O,C,C,C,C,Cl,C,C,C,O,C,O,C,C,N,C,O,H"
cand_163,-9.42,-5.652,-15.072,0.92,False,11,"C,C,C,C,C,C,C,N,C,O,O,C,C,F,F,F,C,C,N,O,C,O,H"
cand_1364,-9.489,-5.578,-15.067,0.96,False,11,"N,C,C,C,C,C,C,C,C,N,C,O,C,O,H,C,C,C,C,N,O,C,O,H"
cand_21,-9.365,-5.695,-15.06,1.0,False,11,"N,C,O,C,C,C,C,C,C,C,O,C,O,C,C,N,C,C,O,H,O,H"
cand_2293,-9.761,-5.297,-15.058,0.9565217391304348,False,11,"C,C,Br,C,C,C,C,C,O,N,C,O,C,C,C,C,C,N,O,C,O,H"
cand_1981,-9.708,-5.341,-15.049,0.8333333333333334,False,11,"C,C,C,C,C,C,C,N,C,O,N,C,O,O,C,C,C,C,C,O"
cand_244,-9.738,-5.281,-15.018999999999998,1.0,False,11,"N,C,O,C,C,C,C,C,Cl,C,C,O,C,O,C,C,N,C,C,O,H"
cand_171,-9.387,-5.627,-15.014,0.9565217391304348,False,11,"C,C,C,C,C,C,C,O,N,C,O,N,H,C,C,C,C,N,O,C,O,H"
cand_472,-9.683,-5.329,-15.012,0.9230769230769231,False,11,"C,C,Cl,C,C,C,C,C,N,C,O,O,N,H,H,C,C,C,C,N,O,C,O,H"
cand_2486,-9.374,-5.636,-15.010000000000002,0.9545454545454546,False,11,"C,C,C,C,C,C,C,C,N,C,O,O,H,C,C,C,N,O,C,O,H"
cand_1051,-8.848,-6.152,-15.0,0.7096774193548387,False,11,"C,C,C,C,C,C,C,O,N,C,O,N,C,C,C,C,C,C,C,C,C,O"
cand_247,-9.383,-5.616,-14.998999999999999,0.8888888888888888,False,11,"C,C,C,C,C,C,C,O,N,C,N,C,H,C,F,C,C,C,C,N,O,C,O,H"
cand_117,-9.296,-5.702,-14.998,1.0,False,11,"C,C,C,C,C,C,C,O,N,C,O,N,C,H,C,C,C,C,N,O,C,O,H"
cand_2416,-9.594,-5.404,-14.998,0.9583333333333334,False,11,"N,C,O,C,C,C,C,C,C,C,O,C,O,C,C,N,C,O,H,O,H,O,H"
cand_2154,-9.32,-5.676,-14.996,0.9090909090909091,False,11,"C,C,C,C,C,C,C,C,N,C,O,N,C,C,C,N,O,C,O,H"
cand_2260,-9.633,-5.358,-14.991,1.0,False,11,"N,C,C,C,C,C,C,F,C,F,C,O,C,O,C,C,N,C,C,O,H"
cand_491,-9.188,-5.797,-14.985,0.7714285714285715,False,11,"C,C,C,C,C,C,O,N,C,O,O,C,C,C,C,C,N,C,C,C,C,N,C,C,C,C,O"
cand_1924,-8.996,-5.986,-14.982,0.5675675675675675,False,12,"N,C,O,C,C,C,C,C,O,C,O,H,C,C,C,C,C,C,C,O,H"
cand_1415,-9.569,-5.409,-14.978000000000002,0.9615384615384616,False,11,"C,C,C,C,C,C,C,C,O,N,C,O,C,N,O,H,H,C,C,C,N,O,C,O,H"
cand_1604,-9.326,-5.652,-14.978000000000002,0.8695652173913043,False,11,"C,C,C,C,C,C,C,N,C,O,N,C,C,C,C,N,O,C,O,H"
cand_1028,-9.618,-5.358,-14.975999999999999,0.9130434782608695,False,11,"N,C,C,C,C,C,C,C,C,N,C,O,C,C,C,C,N,O,C,O,H"
cand_85,-9.704,-5.266,-14.97,0.9545454545454546,False,11,"C,C,C,C,C,C,C,O,N,C,O,C,C,C,C,C,N,O,C,O,H"
cand_967,-9.647,-5.322,-14.969000000000001,0.9545454545454546,False,11,"C,C,C,C,C,C,C,C,N,C,O,O,C,C,C,C,N,O,C,O,H"
cand_1440,-9.593,-5.375,-14.968,1.0,False,11,"C,C,C,C,C,C,C,C,O,N,C,O,O,C,C,C,C,C,N,O,C,O,H"
cand_20,-9.754,-5.209,-14.963,0.9523809523809523,False,11,"N,C,O,C,C,C,C,C,C,C,O,C,O,C,C,N,C,C,O,H"
cand_148,-9.418,-5.544,-14.962,0.9583333333333334,False,11,"N,C,O,C,C,C,C,C,C,O,C,O,C,C,N,C,C,O,H,O,H,O,H"
cand_251,-9.686,-5.257,-14.943,0.9615384615384616,False,11,"C,C,C,C,C,C,C,N,C,O,S,O,O,N,H,H,C,C,C,C,N,O,C,O,H"
cand_910,-9.485,-5.442,-14.927,0.9130434782608695,False,11,"N,C,O,C,C,C,C,C,C,O,C,O,C,C,N,C,C,O,H,O,H"
cand_445,-9.111,-5.813,-14.924,0.6363636363636364,False,11,"N,C,O,C,C,C,C,C,C,C,O,C,O,C,C,C,C,C,C,C,C"
cand_2062,-9.591,-5.332,-14.922999999999998,1.0,False,11,"N,C,O,C,C,C,C,C,F,C,C,O,C,O,C,C,N,C,C,O,H,O,H"
cand_594,-9.59,-5.331,-14.921,1.0,False,11,"N,C,C,C,C,Cl,C,F,C,C,C,O,C,O,C,C,N,C,C,O,H"
cand_1315,-9.575,-5.343,-14.918,1.0,False,11,"N,C,C,C,C,I,C,F,C,C,C,O,C,O,C,C,N,C,C,O,H"
cand_567,-8.872,-6.042,-14.914,0.7647058823529411,False,11,"N,C,O,C,C,C,C,C,C,C,O,O,C,C,N,C,O,H,C,C,C,C,C,C,O,H"
cand_12,-9.332,-5.574,-14.906,0.9565217391304348,False,11,"N,C,C,C,C,C,C,C,C,O,C,O,C,C,N,C,C,O,H,C,F,F"
cand_574,-9.771,-5.126,-14.897000000000002,0.9090909090909091,False,11,"N,C,O,C,C,C,C,I,C,C,C,C,O,C,C,N,C,C,O,H"
cand_1380,-9.584,-5.294,-14.878,0.9545454545454546,False,11,"C,C,C,N,C,C,C,C,C,N,C,O,C,C,C,C,N,O,C,O,H"
cand_2478,-9.516,-5.361,-14.876999999999999,1.0,False,11,"C,C,C,C,C,C,C,C,N,C,O,O,C,C,C,C,C,N,O,C,O,H"
cand_934,-8.549,-6.326,-14.875,0.7575757575757576,False,12,"N,C,C,C,C,C,C,C,C,N,C,O,C,C,C,C,N,C,C,C,N,C,C,C,C"
cand_42,-7.859,-6.989,-14.847999999999999,0.90625,False,11,"N,C,C,C,C,C,C,F,C,C,O,C,O,C,C,C,O,H,C,C,C,C,C,C,N,C,C,C,C"
cand_1668,-9.201,-5.64,-14.841000000000001,0.6857142857142857,False,12,"C,C,C,C,C,C,C,O,N,C,N,C,C,N,C,C,C,N,H,C,C,C,C,O"
cand_1912,-9.291,-5.544,-14.835,0.9047619047619048,False,11,"C,C,C,Cl,C,C,C,C,C,N,C,O,C,C,N,O,C,O,H"
cand_696,-9.492,-5.326,-14.818000000000001,1.0,False,11,"N,C,O,C,C,C,C,Cl,C,C,C,O,C,O,C,C,N,C,C,O,H,O,H"
cand_1684,-9.706,-5.112,-14.818,0.8181818181818182,False,11,"C,I,C,C,C,C,N,C,O,C,C,C,C,N,O,C,O,H"
cand_564,-9.574,-5.244,-14.818,0.9583333333333334,False,11,"C,C,C,C,C,C,C,C,O,N,C,N,H,H,C,C,C,C,N,O,C,O,H"
cand_2177,-9.546,-5.264,-14.809999999999999,0.72,False,11,"C,C,C,C,N,C,O,N,C,C,C,C,C,N,O,C,O,H"
cand_452,-9.686,-5.123,-14.809000000000001,0.9090909090909091,False,11,"C,C,Br,C,C,C,C,C,N,C,O,C,C,C,C,N,O,C,O,H"
cand_2223,-9.475,-5.328,-14.803,0.9130434782608695,False,11,"N,C,C,C,C,Cl,C,C,C,C,O,C,O,C,C,N,C,O,H,O,H"
cand_520,-9.573,-5.221,-14.794,0.9583333333333334,False,11,"C,C,C,C,C,C,C,O,N,C,O,N,H,H,C,C,C,C,N,O,C,O,H"
cand_484,-9.284,-5.51,-14.794,0.8,False,11,"N,C,O,C,C,C,C,F,C,C,C,O,O,C,N,C,O,H,C,F"
cand_72,-8.333,-6.457,-14.79,0.78125,False,12,"N,C,C,C,C,C,C,C,C,O,O,C,N,C,O,H,C,C,C,C,C,C,N,C,C"
cand_1251,-9.451,-5.338,-14.789000000000001,0.75,False,11,"C,C,C,C,C,C,C,O,N,C,O,N,C,C,N,O,H,C,C,C,O"
cand_80,-8.196,-6.593,-14.789,0.8064516129032258,False,10,"N,C,C,C,C,F,C,C,C,C,O,O,C,C,N,C,O,H,C,C,C,C,C,C,C"
cand_1101,-9.581,-5.208,-14.789,0.9583333333333334,False,11,"C,C,C,C,C,C,C,O,N,C,O,N,H,H,C,C,C,C,N,O,C,O,H"
cand_1948,-9.23,-5.556,-14.786000000000001,0.9047619047619048,False,11,"C,C,C,F,C,C,C,C,C,N,C,O,C,C,N,O,C,O,H"
cand_1827,-9.26,-5.521,-14.780999999999999,0.84,False,11,"C,C,C,C,F,C,O,N,C,S,O,H,C,C,C,C,N,O,C,O,H"
cand_1985,-9.336,-5.43,-14.766,0.8,False,11,"C,C,C,C,C,C,Br,C,N,C,O,C,O,C,C,N,O,C,O,H"
cand_658,-9.629,-5.134,-14.763,0.9090909090909091,False,11,"N,C,O,C,C,C,C,I,C,C,C,C,O,C,C,N,C,C,O,H"
cand_2219,-8.883,-5.873,-14.756,0.5714285714285714,False,11,"C,C,C,C,C,C,C,O,N,C,O,N,H,C,C,C,C,C,C,C"
cand_328,-9.598,-5.158,-14.756,0.8571428571428571,False,11,"N,C,C,C,C,C,Br,C,C,C,O,C,O,C,N,C,O,H"
cand_1915,-8.604,-6.142,-14.745999999999999,0.7647058823529411,False,12,"N,C,O,C,C,C,C,C,C,C,C,C,C,C,C,C,C,N,C,C,C,N,C,O,O,H"
cand_2313,-9.548,-5.195,-14.743,0.9047619047619048,False,11,"N,C,C,C,C,F,C,Cl,C,C,C,O,C,O,C,N,C,O,H"
cand_2470,-8.974,-5.767,-14.741,0.7419354838709677,False,11,"N,C,O,C,C,C,C,C,C,C,O,C,C,N,C,O,H,O,H,C,C,C,C"
cand_1834,-9.365,-5.376,-14.741,0.88,False,10,"C,C,C,C,C,C,C,C,O,N,C,O,C,O,O,C,C,N,O,C,O,H"
cand_1083,-9.509,-5.229,-14.738,0.9130434782608695,False,11,"N,C,C,C,C,Br,C,C,C,C,O,C,O,C,C,N,C,O,H,O,H"
cand_318,-9.423,-5.313,-14.736,0.9565217391304348,False,11,"C,C,C,C,C,C,C,N,C,O,N,C,H,C,C,C,C,N,O,C,O,H"
cand_1182,-9.381,-5.346,-14.727,0.7586206896551724,False,11,"C,C,C,C,C,C,C,O,N,C,O,N,C,S,N,H,H,C,C,C,C,O"
cand_733,-9.561,-5.162,-14.722999999999999,0.9047619047619048,False,11,"N,C,C,C,C,F,C,Br,C,C,C,O,C,O,C,N,C,O,H"
cand_521,-8.351,-6.369,-14.72,0.7575757575757576,False,11,"N,C,C,C,C,C,C,O,C,O,C,N,C,C,O,H,C,C,C,C,N,C,C,C,N"
cand_1527,-8.615,-6.102,-14.717,0.8709677419354839,False,11,"C,C,C,C,C,C,C,C,N,C,C,C,C,C,C,N,C,C,C,C,N,H,C,C,C,C,O"
cand_966,-9.479,-5.238,-14.716999999999999,0.9090909090909091,False,11,"N,C,C,C,C,C,C,C,C,O,C,O,C,C,N,C,C,O,H,O"
cand_2261,-8.353,-6.361,-14.713999999999999,0.7666666666666667,False,11,"C,C,C,C,C,C,O,N,C,C,C,C,C,C,C,C,C,C,N,O,C,O,H"
cand_2091,-9.396,-5.317,-14.713000000000001,1.0,False,11,"C,C,C,C,C,C,Cl,C,N,C,O,N,C,H,C,C,C,C,N,O,C,O,H"
cand_698,-9.264,-5.445,-14.709,1.0,False,11,"C,C,C,C,C,C,C,O,N,C,O,N,H,H,O,H,C,C,C,C,N,O,C,O,H"
cand_557,-7.921,-6.781,-14.702,0.6666666666666666,False,10,"C,C,C,C,C,C,C,O,N,C,C,C,C,C,C,N,O,C,O,H"
cand_1322,-9.421,-5.277,-14.698,0.9166666666666666,False,11,"C,C,Cl,C,C,C,C,C,O,N,C,O,C,C,C,C,C,N,O,C,O,H"
cand_2269,-9.371,-5.315,-14.686,0.9545454545454546,False,11,"N,C,C,C,C,C,F,C,C,C,O,C,O,C,N,C,C,O,H,O,H"
cand_1497,-9.363,-5.316,-14.678999999999998,1.0,False,11,"N,C,C,C,C,C,C,C,F,C,O,N,C,C,C,C,C,N,O,C,O,H"
cand_84,-9.23,-5.446,-14.676,0.9090909090909091,False,11,"C,C,C,C,C,C,C,N,C,O,N,H,C,C,C,N,O,C,O,H"
cand_710,-9.24,-5.436,-14.676,0.8846153846153846,False,11,"C,C,C,C,C,C,C,O,N,C,O,N,N,H,C,C,C,C,N,O,C,O,H"
cand_746,-9.279,-5.395,-14.674,0.96,False,11,"C,C,C,C,C,C,O,N,C,O,N,H,H,O,H,C,C,C,C,N,O,C,O,H"
cand_2028,-8.812,-5.862,-14.674,0.7647058823529411,False,12,"C,C,C,C,C,C,O,N,C,O,C,C,C,C,C,C,N,C,C,C,C,C,C,N,C,O"
cand_1853,-8.667,-6.0,-14.667,0.9310344827586207,False,13,"C,C,C,C,C,C,C,N,C,O,C,N,O,H,H,S,O,H,C,C,C,C,N,O,C,O,H"
cand_66,-9.179,-5.481,-14.66,0.8695652173913043,False,11,"N,C,C,C,C,C,C,C,C,O,C,O,C,N,C,O,H,C,F,F"
cand_2491,-9.422,-5.233,-14.655000000000001,1.0,False,11,"N,C,C,C,C,C,C,C,F,C,O,C,O,C,C,N,C,C,O,H,O,H"
cand_1027,-9.538,-5.11,-14.648,0.9090909090909091,False,11,"N,C,O,C,C,C,C,I,C,C,C,C,O,C,C,N,C,C,O,H"
cand_837,-8.672,-5.968,-14.64,0.5882352941176471,False,12,"C,C,C,C,C,O,N,C,C,C,C,C,C,C,C,C,N,O,C,O"
cand_1667,-8.529,-6.111,-14.64,0.7058823529411765,False,11,"C,C,C,C,C,N,C,O,C,C,C,C,C,C,N,C,C,C,C,N,O,C,O,H"
cand_16,-8.962,-5.672,-14.634,0.7916666666666666,False,10,"N,C,O,C,C,C,C,C,C,C,O,C,C,C,O,C,O,O,H"
cand_2000,-9.434,-5.195,-14.629,0.6956521739130435,False,11,"N,C,C,C,C,C,C,C,N,C,O,C,C,N,O,H"
cand_1170,-8.775,-5.85,-14.625,0.2903225806451613,True,11,"C,C,C,C,C,C,C,C,O"
cand_1682,-9.3,-5.321,-14.621,0.8,False,11,"C,C,C,C,C,C,N,C,O,C,O,C,C,C,C,N,O,C,O,H"
cand_1370,-9.335,-5.28,-14.615000000000002,0.8,False,11,"C,C,C,C,C,C,C,C,N,C,O,S,O,C,C,N,O,C,O,H"
cand_2361,-9.299,-5.31,-14.608999999999998,1.0,False,11,"C,C,C,C,C,C,F,C,N,C,O,N,C,H,C,C,C,C,N,O,C,O,H"
cand_2384,-9.343,-5.259,-14.602,0.9166666666666666,False,11,"C,C,C,C,C,C,C,N,C,O,N,C,N,C,H,C,C,N,O,C,O,H"
cand_1434,-9.03,-5.566,-14.596,0.9090909090909091,False,12,"N,C,C,C,F,C,C,C,C,C,N,C,O,C,C,N,O,C,O,H"
cand_1775,-9.43,-5.165,-14.594999999999999,0.7307692307692307,False,11,"N,C,C,C,C,C,C,C,C,N,C,O,C,N,H,H,C,C,C"
cand_1805,-8.935,-5.656,-14.591000000000001,0.875,False,11,"N,C,C,C,C,C,F,C,C,C,O,C,O,C,N,C,O,H,C,F,F"
cand_509,-8.717,-5.871,-14.588000000000001,0.5294117647058824,False,11,"N,C,O,C,C,C,I,C,C,C,C,O,C,O,C,C,C,C"
cand_2178,-9.145,-5.441,-14.585999999999999,1.0,False,11,"C,C,C,C,C,C,C,N,C,O,N,H,H,O,H,C,C,C,C,N,O,C,O,H"
cand_713,-9.501,-5.082,-14.582999999999998,0.8695652173913043,False,11,"N,C,O,C,C,C,C,C,Cl,C,C,O,C,O,C,C,N,C,O,H"
cand_932,-9.447,-5.126,-14.573,0.9166666666666666,False,11,"C,C,C,C,C,C,C,N,C,O,O,C,O,C,C,C,C,N,O,C,O,H"
cand_2160,-8.471,-6.094,-14.565000000000001,0.7647058823529411,False,11,"C,C,C,C,C,O,N,C,O,C,C,C,C,C,C,C,N,C,C,C,C,N,O,C,O,H"
cand_111,-9.176,-5.388,-14.564,1.0,False,11,"C,C,C,C,C,C,C,O,N,C,O,C,C,C,C,C,N,O,C,O,H"
cand_1536,-8.672,-5.892,-14.564,0.6857142857142857,False,11,"C,C,C,C,C,C,C,O,N,C,O,S,O,N,H,H,C,C,C,C,C,C,C,O"
cand_1265,-8.81,-5.752,-14.562000000000001,0.7714285714285715,False,12,"C,C,C,C,C,C,O,N,C,O,C,C,C,C,C,N,C,C,C,C,N,H,C,C,C,C,O"
cand_1149,-8.019,-6.542,-14.561,0.5853658536585366,False,11,"N,C,C,C,C,C,C,O,O,C,C,N,C,C,O,H,C,C,C,C,C,N,C,C"
cand_1869,-9.1,-5.46,-14.559999999999999,0.9130434782608695,False,11,"C,C,C,C,C,C,C,N,C,O,C,C,O,H,C,C,N,O,C,O,H"
cand_399,-8.761,-5.788,-14.549,0.9285714285714286,False,11,"C,C,C,C,C,C,C,O,N,C,O,S,O,N,H,H,O,H,C,C,C,N,O,C,O,H"
cand_110,-8.887,-5.661,-14.548,0.9583333333333334,False,11,"N,C,O,C,C,C,C,C,C,C,O,C,O,C,N,C,C,O,H,C,F,F,F"
cand_183,-9.207,-5.337,-14.544,0.9583333333333334,False,11,"C,C,C,C,C,C,C,O,N,C,O,O,O,H,C,C,C,C,N,O,C,O,H"
cand_955,-7.931,-6.612,-14.543,0.2631578947368421,True,11,"C,C,C,C,N,C,C,C,N,H"
cand_785,-9.567,-4.971,-14.538,0.8571428571428571,False,11,"N,C,C,C,F,C,I,C,C,C,O,C,O,C,N,C,O,H"
cand_0,-9.118,-5.419,-14.536999999999999,0.5,False,9,"C,C,C,C,O,N,C,C,C,C,O"
cand_535,-8.851,-5.683,-14.534,0.9565217391304348,False,10,"C,C,C,C,N,C,C,C,C,C,O,N,C,O,C,C,C,N,O,C,O,H"
cand_2019,-8.427,-6.107,-14.533999999999999,0.9047619047619048,False,10,"C,C,C,C,C,C,F,C,N,C,O,C,C,C,N,O,C,O,H"
cand_886,-8.947,-5.586,-14.533,0.9565217391304348,False,10,"N,C,C,C,C,C,C,C,C,O,N,C,O,C,C,C,C,N,O,C,O,H"
cand_309,-7.392,-7.14,-14.532,0.5294117647058824,False,14,"C,C,C,C,C,C,C,N,C,C,C,C,C,N,O,C,O,H"
cand_138,-9.242,-5.287,-14.529,0.8846153846153846,False,11,"C,C,C,C,C,C,C,O,N,C,O,C,C,N,O,H,C,C,N,O,C,O,H"
cand_1424,-8.27,-6.256,-14.526,0.7878787878787878,False,11,"N,C,C,C,C,C,C,O,C,O,C,N,C,C,O,H,C,C,C,C,N,C,C,C,C,N"
cand_360,-8.284,-6.239,-14.523,0.2857142857142857,True,14,"C,O,C,C,C,C,C,C,C,C"
cand_807,-8.023,-6.498,-14.521,0.6060606060606061,False,11,"C,C,C,C,C,O,N,C,C,C,C,C,C,C,C,N,O,C,O,H"
cand_2130,-9.415,-5.095,-14.509999999999998,0.9583333333333334,False,11,"C,C,C,C,C,C,I,C,O,N,C,O,N,H,H,C,C,C,C,N,C,O,H"
cand_1691,-7.547,-6.962,-14.509,0.696969696969697,False,10,"N,C,C,C,C,C,C,F,O,C,C,N,C,O,H,C,C,C,C,C,C,N,C"
cand_1457,-8.303,-6.2,-14.503,0.6216216216216216,False,13,"N,O,C,C,C,C,C,C,C,O,N,C,O,H,C,O,O,H,C,C,C,C,C"
cand_1931,-9.611,-4.891,-14.502,0.7142857142857143,False,11,"N,C,C,C,C,I,C,C,C,O,C,N,C,O,H"
cand_470,-7.926,-6.576,-14.501999999999999,0.6060606060606061,False,10,"C,C,C,C,C,C,C,C,C,C,N,C,C,C,C,N,O,C,O,H"
cand_204,-9.384,-5.115,-14.499,0.782608695652174,False,11,"C,O,C,C,C,C,C,Br,C,C,O,O,C,N,C,O,H,O"
cand_197,-9.411,-5.086,-14.497,0.6923076923076923,False,11,"C,C,C,C,C,C,N,C,O,N,C,C,C,C,C,N,O,H"
cand_1860,-8.137,-6.332,-14.469000000000001,0.6363636363636364,False,10,"N,C,C,C,C,C,O,C,O,C,C,N,C,O,H,C,C,C,C,C,C"
cand_53,-9.282,-5.173,-14.455,1.0,False,11,"C,C,C,C,C,C,C,O,N,C,O,N,H,H,C,C,C,C,N,O,C,O,H"
cand_1390,-9.283,-5.169,-14.451999999999998,0.8695652173913043,False,11,"N,C,O,C,C,C,C,C,I,C,C,O,O,C,N,C,O,H,O,H"
cand_1623,-9.173,-5.263,-14.436,0.9583333333333334,False,11,"C,C,F,C,C,C,C,C,O,N,C,O,N,C,C,C,C,C,N,O,C,O,H"
cand_1393,-9.378,-5.057,-14.435,0.7727272727272727,False,11,"C,C,C,C,C,C,Cl,C,O,N,C,C,N,O,C,O,H"
cand_960,-9.421,-5.013,-14.434,1.0,False,11,"C,C,Br,C,C,C,C,C,O,N,C,O,N,H,H,C,C,C,C,N,O,C,O,H"
cand_92,-9.285,-5.138,-14.423,1.0,False,11,"C,C,C,C,C,C,C,C,N,C,O,C,C,C,C,N,O,C,O,H"
cand_418,-8.114,-6.306,-14.420000000000002,0.7647058823529411,False,10,"N,C,C,C,C,C,C,O,C,O,C,C,N,C,O,H,O,H,C,C,C,C,C,C,N,C"
cand_501,-9.238,-5.171,-14.408999999999999,1.0,False,11,"C,C,C,C,O,N,C,O,H,N,N,C,C,C,C,C,C,C,C,C,O"
cand_1245,-9.404,-5.002,-14.405999999999999,1.0,False,11,"C,C,Br,C,C,C,C,C,O,N,C,O,N,C,H,C,C,C,C,N,O,C,O,H"
cand_545,-9.395,-5.001,-14.396,0.9583333333333334,False,11,"C,C,I,C,C,C,C,C,O,N,C,N,H,H,C,C,C,C,N,O,C,O,H"
cand_610,-8.966,-5.428,-14.393999999999998,0.8214285714285714,False,13,"C,C,C,C,C,C,N,C,O,N,H,S,O,O,C,C,C,C,N,O,C,O,H"
cand_129,-9.255,-5.137,-14.392,0.64,False,11,"C,C,C,N,C,S,O,H,C,C,C,C,N,O,C,H"
cand_758,-9.121,-5.265,-14.386,0.88,False,11,"C,C,C,C,C,C,Cl,C,N,C,O,C,O,C,C,C,C,N,O,C,O,H"
cand_774,-9.158,-5.216,-14.373999999999999,0.96,False,11,"C,C,C,C,C,C,C,O,N,C,O,N,C,O,C,C,C,C,C,N,O,C,O,H"
cand_2193,-8.75,-5.622,-14.372,0.625,False,11,"C,C,C,C,C,O,N,C,O,S,O,N,H,C,C,C,C,N,O,H"
cand_1893,-9.234,-5.137,-14.370999999999999,0.8461538461538461,False,11,"C,C,C,C,C,C,O,N,C,O,N,C,H,N,C,C,C,N,O,C,O,H"
cand_601,-8.507,-5.854,-14.361,0.9642857142857143,False,13,"C,C,C,C,C,C,C,N,C,O,C,N,O,H,H,C,O,H,C,C,C,C,N,O,C,O,H"
cand_546,-9.142,-5.21,-14.352,0.6666666666666666,False,11,"C,C,C,C,N,C,O,C,O,C,C,C,C,N,O,C,O,H"
cand_122,-9.315,-5.036,-14.350999999999999,0.9545454545454546,False,11,"C,C,C,C,C,C,C,N,C,O,H,H,C,C,C,C,N,O,C,O,H"
cand_1501,-9.417,-4.933,-14.35,0.782608695652174,False,11,"C,C,Cl,C,C,C,N,C,O,C,C,C,C,N,O,C,O,H"
cand_846,-9.159,-5.188,-14.347000000000001,0.8928571428571429,False,11,"C,C,C,C,C,C,C,O,N,C,C,N,O,H,H,N,H,H,C,C,N,O,C,O,H"
cand_1162,-9.072,-5.272,-14.344,0.9090909090909091,False,11,"C,C,C,C,C,C,Cl,C,N,C,O,O,C,C,C,N,O,C,O,H"
cand_1340,-8.943,-5.4,-14.343,0.9583333333333334,False,10,"N,C,C,C,C,C,C,C,C,O,N,C,N,H,C,C,C,C,N,O,C,O,H"
cand_1045,-8.324,-6.017,-14.341000000000001,0.6,False,11,"C,C,C,C,O,C,N,C,O,H,C,C,C,C,C,C,N,C"
cand_991,-8.44,-5.879,-14.318999999999999,0.9230769230769231,False,11,"C,C,C,C,C,C,C,N,C,O,N,C,C,F,F,F,C,C,C,C,N,C,O,H"
cand_2453,-8.014,-6.3,-14.314,0.625,False,10,"C,C,C,C,C,C,O,N,C,C,C,C,C,C,C,N,O,C,O,H"
cand_794,-7.597,-6.711,-14.308,0.5714285714285714,False,10,"C,C,C,C,C,C,C,O,N,C,O,N,H,C,C,C,C,C,C,O"
cand_1194,-8.637,-5.668,-14.305,0.92,False,11,"N,C,C,C,C,C,C,C,C,O,C,O,C,N,C,O,H,O,H,C,O,O,H"
cand_134,-8.978,-5.318,-14.296,1.0,False,11,"N,C,C,C,C,C,I,C,C,C,O,C,O,C,C,N,C,C,O,H"
cand_355,-9.053,-5.24,-14.293000000000001,0.9565217391304348,False,11,"C,C,C,C,C,C,C,O,N,C,O,O,H,C,C,C,C,N,O,C,O,H"
cand_210,-8.997,-5.294,-14.291,0.9,False,11,"C,C,C,C,C,C,C,O,N,C,C,C,C,N,O,C,O,H"
cand_140,-9.122,-5.165,-14.286999999999999,0.95,False,11,"C,C,C,C,C,C,C,C,O,N,C,C,C,C,N,O,C,O,H"
cand_1313,-8.963,-5.319,-14.282,0.8636363636363636,False,12,"C,C,C,C,C,C,C,N,C,O,C,C,C,C,N,O,C,O,H"
cand_1068,-8.891,-5.385,-14.276,0.8181818181818182,False,11,"C,C,C,C,C,N,C,O,C,C,C,C,C,N,O,C,O,H"
cand_463,-8.19,-6.08,-14.27,0.8666666666666667,False,11,"N,C,C,C,C,C,C,C,C,O,C,C,C,N,C,C,O,H,C,C,C,C,C,C,O,H"
cand_1078,-8.343,-5.914,-14.257,0.7878787878787878,False,11,"N,C,O,C,C,C,C,O,C,O,C,C,N,C,O,H,C,C,C,C,N,C,C,C,N,H"
cand_2001,-8.241,-6.009,-14.25,0.3548387096774194,False,11,"C,C,C,C,O,C,C,C,C,C,C"
cand_1899,-8.864,-5.385,-14.249,0.8260869565217391,False,12,"C,C,C,C,C,C,Cl,C,N,C,O,N,C,C,N,O,C,O,H"
cand_1431,-8.939,-5.301,-14.24,0.88,False,11,"N,C,C,C,C,C,C,C,C,O,C,O,C,N,C,O,H,O,H,C,O,H"
cand_1128,-8.834,-5.405,-14.239,0.8846153846153846,False,11,"C,C,F,C,C,C,C,C,O,N,C,O,C,O,C,C,C,C,N,O,C,O,H"
cand_1516,-8.525,-5.709,-14.234,0.9259259259259259,False,10,"C,C,C,C,C,C,C,C,O,N,C,O,S,O,O,H,C,C,C,C,N,O,C,O,H"
cand_1997,-7.931,-6.298,-14.229,0.48484848484848486,False,12,"C,C,C,N,C,C,C,C,N,C,C,C,C,C,O,H"
cand_1291,-9.004,-5.21,-14.213999999999999,1.0,False,11,"C,C,C,C,C,C,F,C,N,C,O,O,C,C,C,C,C,N,O,C,O,H"
cand_1702,-8.757,-5.457,-14.213999999999999,0.8571428571428571,False,11,"C,C,C,C,C,C,C,C,O,N,C,C,C,N,O,C,O,H"
cand_414,-9.152,-5.061,-14.213,0.9545454545454546,False,11,"C,C,C,C,C,C,C,N,C,O,O,C,C,C,C,C,N,O,C,O,H"
cand_230,-8.694,-5.515,-14.209,0.9285714285714286,False,13,"C,C,C,C,C,C,C,N,C,O,N,S,O,O,N,H,H,C,C,C,C,N,O,C,O,H"
cand_262,-8.787,-5.418,-14.205000000000002,0.9130434782608695,False,11,"N,C,C,C,C,C,C,C,C,O,C,O,C,N,C,O,H,C,O,O,H"
cand_44,-8.685,-5.52,-14.205,0.8260869565217391,False,10,"N,C,C,C,C,C,C,C,C,O,O,C,C,C,O,C,O,O,H"
cand_448,-9.181,-5.023,-14.203999999999999,0.75,False,11,"C,C,C,C,C,C,C,O,N,C,O,C,C,O,C,C,C,C"
cand_440,-9.143,-5.055,-14.198,0.9545454545454546,False,11,"C,C,C,C,C,C,C,N,C,O,O,C,C,C,C,C,N,O,C,O,H"
cand_555,-9.204,-4.989,-14.193000000000001,0.7142857142857143,False,11,"C,C,C,Br,C,C,C,C,C,N,C,O,C,C,C"
cand_727,-8.226,-5.966,-14.192,0.3548387096774194,False,11,"C,C,C,C,O,C,C,C,C,C,C"
cand_890,-8.978,-5.214,-14.192,0.9565217391304348,False,11,"C,C,C,C,C,C,N,C,O,O,C,O,H,C,C,C,C,N,O,C,O,H"
cand_2189,-8.692,-5.5,-14.192,0.7916666666666666,False,10,"N,C,C,C,C,C,C,C,O,C,C,N,C,C,O,H,C,F,F"
cand_1134,-9.101,-5.091,-14.192,0.8095238095238095,False,11,"C,C,C,C,C,C,Br,N,C,O,C,C,N,O,C,O,H"
cand_1799,-8.618,-5.567,-14.185,1.0,False,12,"N,C,C,C,C,C,C,Cl,C,C,O,C,O,C,C,N,C,C,O,H,C,O,O,H"
cand_827,-8.906,-5.276,-14.182,0.9545454545454546,False,11,"N,C,C,C,C,C,Cl,C,C,C,O,C,O,C,N,C,C,O,H,O,H"
cand_943,-8.607,-5.573,-14.18,0.2727272727272727,True,12,"Cl,C,O,C,C,C,C,C,C"
cand_716,-8.364,-5.816,-14.18,0.8571428571428571,False,10,"C,C,C,C,C,C,C,O,N,C,O,S,O,O,N,H,H,H,C,C,C,N,C,O"
cand_1306,-9.15,-5.028,-14.178,0.7142857142857143,False,11,"C,C,C,I,C,C,C,C,C,N,C,O,C,C,C"
cand_1090,-8.294,-5.882,-14.176,0.7428571428571429,False,12,"C,C,C,C,C,C,C,O,N,C,N,H,H,C,C,C,C,N,H,C,C,C,N,C,O,H"
cand_1295,-8.838,-5.33,-14.168,0.8846153846153846,False,11,"C,C,C,C,N,C,O,S,O,N,H,H,O,H,C,C,C,C,N,O,C,O,H"
cand_1272,-9.017,-5.134,-14.151,0.88,False,11,"C,C,C,C,C,C,C,N,C,O,C,N,H,C,C,C,C,N,O,C,O,H"
cand_1108,-7.261,-6.884,-14.145,0.696969696969697,False,9,"N,C,O,C,C,C,C,C,C,O,C,N,C,O,H,C,C,C,C,C,C,C,C"
cand_863,-8.411,-5.73,-14.141,0.875,False,10,"N,C,C,C,C,C,C,C,C,O,N,C,O,O,H,C,N,O,C,O,H"
cand_2138,-8.819,-5.316,-14.135000000000002,0.9130434782608695,False,11,"C,C,C,C,C,C,Br,C,N,C,O,N,C,C,C,C,N,O,C,O,H"
cand_320,-8.5,-5.635,-14.135,0.8333333333333334,False,11,"N,C,C,C,C,C,Br,C,C,C,O,C,O,C,N,C,O,H,C,F"
cand_146,-9.122,-5.012,-14.134,0.8,False,11,"N,C,C,C,C,C,F,C,C,C,O,C,O,C,C,O"
cand_2082,-8.599,-5.535,-14.134,0.9545454545454546,False,11,"C,C,C,C,C,C,C,Cl,C,N,C,O,C,C,C,C,N,O,C,O,H"
cand_62,-8.794,-5.325,-14.119,0.9047619047619048,False,11,"N,C,C,C,C,C,C,C,C,O,C,O,C,N,C,O,H,O,H"
cand_462,-9.008,-5.107,-14.114999999999998,0.7142857142857143,False,11,"C,C,C,C,C,C,F,N,C,O,C,C,O,C,O"
cand_1771,-8.716,-5.392,-14.108,0.9130434782608695,False,11,"C,C,C,C,C,C,C,C,N,C,F,F,F,C,C,C,N,O,C,O,H"
cand_1502,-8.58,-5.525,-14.105,0.9523809523809523,False,10,"C,C,C,C,C,C,C,C,O,N,C,O,H,C,C,N,O,C,O,H"
cand_964,-8.832,-5.269,-14.101,1.0,False,11,"C,C,C,C,C,C,F,C,N,C,O,O,C,C,C,C,C,N,O,C,O,H"
cand_188,-8.402,-5.696,-14.097999999999999,0.9545454545454546,False,11,"C,C,C,C,C,C,C,O,N,C,O,N,C,C,C,C,N,O,C,O,H"
cand_2105,-7.972,-6.125,-14.097000000000001,0.6764705882352942,False,11,"C,C,C,C,C,O,N,C,C,C,C,C,C,C,C,C,C,C,N,O,C,O,H"
cand_1400,-8.775,-5.321,-14.096,0.9130434782608695,False,11,"N,C,C,C,C,C,C,C,C,O,C,O,C,N,C,O,H,O,H,O,H"
cand_208,-8.594,-5.497,-14.091,0.7692307692307693,False,11,"C,C,C,C,C,C,O,N,C,O,S,O,N,H,C,N,O,C,O,H"
cand_1651,-8.837,-5.252,-14.088999999999999,0.9166666666666666,False,11,"N,C,C,C,C,C,C,C,F,C,O,C,O,C,C,N,C,C,O,H,C,O"
cand_1683,-8.743,-5.343,-14.086,0.9583333333333334,False,10,"C,C,C,C,C,C,C,C,N,C,O,C,F,F,C,C,C,C,N,O,C,O,H"
cand_1429,-8.808,-5.278,-14.085999999999999,0.9090909090909091,False,13,"C,C,C,C,C,C,C,O,N,C,C,C,O,H,C,C,O,C,O,H"
cand_1231,-8.615,-5.464,-14.079,0.9545454545454546,False,10,"C,C,C,C,C,C,C,C,C,O,N,C,C,C,C,C,N,O,C,O,H"
cand_1798,-8.899,-5.178,-14.076999999999998,0.96,False,11,"C,C,C,C,C,C,C,N,C,O,N,C,H,N,C,C,C,C,C,N,O,C,O,H"
cand_394,-8.917,-5.159,-14.076,0.9130434782608695,False,11,"C,C,C,C,C,C,F,C,O,N,C,N,C,C,C,C,N,O,C,O,H"
cand_2092,-8.644,-5.429,-14.073,0.9583333333333334,False,12,"N,C,C,C,C,F,C,C,C,C,O,C,O,C,C,N,C,O,H,C,O,O,H"
cand_1671,-8.471,-5.596,-14.067,0.8,False,10,"N,C,C,C,C,C,C,C,C,O,N,C,O,H,C,F,F,F,O,H"
cand_1203,-8.915,-5.144,-14.059,0.96,False,11,"C,C,C,C,C,C,C,O,N,C,O,N,C,O,H,C,C,C,C,N,O,C,O,H"
cand_969,-8.685,-5.373,-14.058,0.9047619047619048,False,11,"N,C,C,C,C,C,C,Br,C,C,O,C,O,C,N,C,C,O,H"
cand_779,-8.415,-5.64,-14.055,0.28125,True,11,"C,C,C,C,C,C,N,C,C"
cand_349,-9.063,-4.977,-14.040000000000001,0.6538461538461539,False,11,"C,C,C,C,C,N,C,S,O,C,C,C,C,N,O,C,H"
cand_2282,-7.725,-6.306,-14.030999999999999,0.21212121212121213,True,13,"O,C,N,H,C,C,C"
cand_1808,-9.071,-4.959,-14.03,0.8095238095238095,False,11,"N,C,C,C,F,C,C,C,O,C,O,C,N,C,C,O,H"
cand_198,-8.593,-5.433,-14.026,0.8260869565217391,False,10,"N,C,C,C,C,C,C,C,C,O,O,C,C,C,O,C,F,F,F"
cand_516,-8.683,-5.333,-14.016,0.9047619047619048,False,11,"N,C,C,C,C,C,C,F,C,Br,C,O,C,O,C,N,C,O,H"
cand_1237,-8.759,-5.238,-13.997,1.0,False,11,"C,C,C,C,C,C,Br,C,N,C,O,O,C,C,C,C,C,N,O,C,O,H"
cand_706,-8.354,-5.637,-13.991,0.8076923076923077,False,11,"C,C,C,C,C,C,C,N,C,O,N,C,F,F,C,C,N,O,C,O,H"
cand_674,-8.53,-5.461,-13.991,0.8695652173913043,False,10,"C,C,C,F,C,C,C,C,C,O,N,C,O,C,C,N,O,C,O,H"
cand_7,-9.023,-4.959,-13.982,0.75,False,11,"N,C,C,Cl,C,C,C,O,C,O,C,N,C,O,H"
cand_278,-8.511,-5.466,-13.977,0.9545454545454546,False,10,"N,C,O,C,C,C,Br,C,C,Br,C,C,O,O,C,C,N,C,C,O,H"
cand_644,-8.625,-5.348,-13.972999999999999,0.9545454545454546,False,11,"N,C,C,C,C,F,C,C,C,C,O,C,O,C,C,N,C,O,H,O,H"
cand_1350,-8.261,-5.71,-13.971,0.9259259259259259,False,10,"C,C,C,C,C,C,C,O,N,C,O,S,O,N,H,H,C,C,C,C,N,O,C,O,H"
cand_1491,-8.438,-5.532,-13.97,1.0,False,10,"N,C,C,C,C,C,C,C,C,O,N,C,O,C,O,O,H,C,C,C,C,N,O,C,O,H"
cand_1472,-8.249,-5.717,-13.966000000000001,0.2647058823529412,True,12,"C,C,O,C,C,C,C,C,C"
cand_54,-9.018,-4.946,-13.964,0.9,False,11,"N,C,C,C,Br,C,C,C,O,C,O,C,C,N,C,C,O,H"
cand_842,-8.193,-5.77,-13.963,0.25,True,14,"N,C,C,C,C,C,C,C,F"
cand_216,-8.375,-5.573,-13.948,0.84,False,10,"N,C,O,C,C,C,C,C,Cl,C,O,C,C,N,C,C,O,H,C,F,F"
cand_679,-8.393,-5.554,-13.947000000000001,0.7058823529411765,False,13,"N,C,C,C,C,C,C,C,C,O,C,C,N,C,C,C,O,O,H,C,C,C,C,C"
cand_1875,-8.736,-5.206,-13.942,0.9090909090909091,False,13,"C,C,F,C,C,C,C,C,N,C,O,C,C,C,C,N,O,C,O,H"
cand_284,-8.037,-5.903,-13.940000000000001,0.6060606060606061,False,12,"N,C,C,Br,O,C,C,C,H,C,C,C,C,N,C,C,C,C,N,H"
cand_850,-8.467,-5.464,-13.931000000000001,1.0,False,10,"C,C,Br,C,C,C,C,C,O,N,C,O,C,O,C,C,C,C,N,O,C,O,H"
cand_2059,-8.455,-5.467,-13.922,0.8636363636363636,False,10,"N,C,C,C,C,C,Cl,C,C,O,C,O,C,C,N,C,C,O,H"
cand_2368,-7.64,-6.276,-13.916,0.2647058823529412,True,11,"N,C,C,C,O,C,C,C,C"
cand_55,-8.372,-5.541,-13.913,0.76,False,10,"N,C,O,C,C,C,C,C,Br,C,C,O,C,O,C,C,C,C,F"
cand_712,-8.338,-5.575,-13.913,0.7407407407407407,False,11,"C,C,C,C,C,C,O,N,N,C,C,O,C,C,C,N,O,C,O,H"
cand_1405,-8.498,-5.405,-13.902999999999999,0.9545454545454546,False,10,"N,C,O,C,C,C,C,Br,C,C,C,O,C,O,C,C,N,C,C,O,H"
cand_467,-8.5,-5.402,-13.902000000000001,0.9090909090909091,False,10,"C,C,C,C,C,C,C,O,N,C,O,C,C,C,C,N,O,C,O,H"
cand_1061,-8.544,-5.358,-13.902000000000001,0.9090909090909091,False,11,"C,C,C,C,C,C,C,C,N,C,O,C,C,C,C,N,O,C,O,H"
cand_888,-8.624,-5.276,-13.9,0.9166666666666666,False,11,"C,C,C,C,C,C,C,O,C,N,C,H,O,H,C,C,C,N,O,C,O,H"
cand_287,-7.756,-6.14,-13.896,0.6666666666666666,False,11,"N,C,C,C,C,C,C,C,C,O,N,C,O,H,O,C,C,C,C,C"
cand_772,-8.676,-5.214,-13.89,0.9047619047619048,False,11,"N,C,C,C,C,C,C,F,C,C,O,C,O,C,N,C,C,O,H"
cand_1127,-8.197,-5.692,-13.889,0.9259259259259259,False,10,"C,C,C,C,C,C,C,O,N,C,O,S,O,N,H,H,C,C,C,C,N,O,C,O,H"
cand_799,-7.598,-6.289,-13.887,0.6896551724137931,False,10,"N,C,C,C,C,Cl,C,C,C,C,O,C,N,C,C,O,H,C,C,C"
cand_689,-8.86,-5.025,-13.885,0.9090909090909091,False,11,"C,C,C,C,C,C,C,C,N,C,O,O,H,C,C,N,O,C,O,H"
cand_228,-8.501,-5.381,-13.882,0.9130434782608695,False,11,"N,C,O,C,C,C,C,C,C,C,O,O,C,N,C,O,H,O,H,O,H"
cand_1081,-8.474,-5.407,-13.881,0.8333333333333334,False,11,"N,C,C,C,C,C,C,C,F,C,O,C,N,C,C,O,H,C,F,F"
cand_1032,-8.721,-5.158,-13.879000000000001,0.7916666666666666,False,11,"C,C,C,C,C,N,C,O,N,C,C,C,C,C,N,O,C,O,H"
cand_2079,-8.295,-5.573,-13.868,0.9565217391304348,False,10,"C,C,C,C,C,F,C,O,N,C,O,O,C,C,C,C,C,N,O,C,O,H"
cand_1483,-8.377,-5.491,-13.868,0.9545454545454546,False,10,"C,C,C,C,C,C,C,F,C,O,N,C,C,C,C,C,N,O,C,O,H"
cand_1835,-7.581,-6.285,-13.866,0.48484848484848486,False,10,"N,C,C,C,O,C,O,C,C,N,C,O,H,C,C,C"
cand_33,-8.473,-5.387,-13.86,0.9545454545454546,False,10,"N,C,O,C,C,C,C,Br,C,C,C,O,C,O,C,C,N,C,C,O,H"
cand_32,-8.611,-5.249,-13.86,0.7647058823529411,False,10,"C,C,C,C,C,C,C,N,C,O,C,C,C"
cand_264,-8.266,-5.591,-13.857,0.2777777777777778,True,13,"C,C,C,O,N,C,C,C,C,N"
cand_468,-8.185,-5.67,-13.855,0.9354838709677419,False,11,"C,C,C,C,C,C,C,O,N,C,O,C,N,H,H,S,O,N,H,H,C,C,C,C,N,O,C,O,H"
cand_978,-7.315,-6.54,-13.855,0.46875,False,11,"C,C,C,C,C,N,C,C,C,C,N,O,C,O,H"
cand_273,-8.46,-5.39,-13.850000000000001,0.8636363636363636,False,10,"N,C,O,C,C,C,C,Cl,C,C,O,O,C,C,N,C,C,O,H"
cand_1963,-8.75,-5.098,-13.847999999999999,0.9583333333333334,False,11,"C,C,C,C,C,C,C,O,N,C,O,C,N,H,C,C,C,C,N,O,C,O,H"
cand_1804,-7.866,-5.979,-13.844999999999999,0.46875,False,10,"C,C,C,C,C,C,C,O,N,C,C,C,C,C,C"
cand_30,-8.317,-5.518,-13.835,0.9523809523809523,False,10,"C,C,C,C,C,C,C,C,O,N,C,C,C,C,C,N,O,C,O,H"
cand_444,-8.569,-5.261,-13.830000000000002,0.75,False,11,"C,C,C,C,C,O,N,C,C,C,C,C,C,N,O,C,O,H"
cand_147,-8.467,-5.357,-13.824000000000002,0.9545454545454546,False,10,"C,C,C,C,O,N,C,O,H,N,N,C,C,C,C,C,C,C,C,C,O"
cand_239,-8.454,-5.367,-13.821000000000002,0.9090909090909091,False,10,"N,C,O,C,C,C,C,Cl,C,C,O,C,O,C,C,N,C,C,O,H"
cand_1488,-8.583,-5.235,-13.818000000000001,0.9166666666666666,False,11,"C,C,C,N,C,C,C,C,C,N,C,O,C,C,C,C,C,N,O,C,O,H"
cand_39,-8.513,-5.304,-13.817,0.9523809523809523,False,11,"C,C,C,C,C,C,C,C,O,N,C,O,C,C,C,N,O,C,O,H"
cand_1253,-8.394,-5.419,-13.812999999999999,0.9545454545454546,False,10,"N,C,O,C,C,C,C,Br,C,C,C,O,C,O,C,C,N,C,C,O,H"
cand_1746,-8.417,-5.394,-13.811,0.9090909090909091,False,10,"C,C,C,C,C,C,C,O,N,C,O,C,C,C,C,N,O,C,O,H"
cand_179,-8.393,-5.417,-13.81,0.8846153846153846,False,10,"C,C,I,C,C,C,C,C,O,N,C,O,C,O,C,C,C,C,N,O,C,O,H"
cand_1962,-8.127,-5.682,-13.809000000000001,0.8275862068965517,False,10,"C,C,C,C,C,C,C,O,N,C,O,C,O,C,O,C,C,C,C,N,O,C,O,H"
cand_2047,-8.24,-5.565,-13.805,0.9310344827586207,False,10,"C,C,C,C,C,C,C,O,N,C,O,N,H,H,S,O,O,N,H,H,C,C,C,N,C,O,H"
cand_841,-7.981,-5.82,-13.801,0.5,False,12,"N,C,C,C,C,C,C,C,C,N,C,C,C,C,N,H"
cand_1935,-8.502,-5.295,-13.797,0.9090909090909091,False,11,"C,C,I,C,C,C,C,C,N,C,O,C,C,C,C,N,O,C,O,H"
cand_996,-8.847,-4.946,-13.793,0.5217391304347826,False,10,"C,C,C,C,C,C,N,C,O,C,C,C"
cand_1049,-8.424,-5.362,-13.786,0.7727272727272727,False,11,"N,C,F,C,Cl,C,C,C,O,C,O,C,N,C,C,O,H"
cand_235,-8.054,-5.73,-13.784,0.9523809523809523,False,12,"C,C,C,C,C,C,C,O,N,C,N,C,H,C,C,N,O,C,O,H"
cand_1311,-8.719,-5.063,-13.782,0.8695652173913043,False,11,"C,C,C,C,C,C,C,C,O,O,C,O,H,C,C,N,O,C,O,H"
cand_822,-8.358,-5.421,-13.779,0.9130434782608695,False,10,"C,C,C,C,C,C,C,C,O,N,C,O,O,H,C,C,N,O,C,O,H"
cand_59,-8.216,-5.562,-13.777999999999999,0.9090909090909091,False,11,"C,C,C,C,C,C,C,O,N,C,N,C,C,C,C,N,O,C,O,H"
cand_246,-8.119,-5.656,-13.774999999999999,0.92,False,11,"C,C,C,C,C,C,C,N,C,O,S,N,H,H,C,C,C,C,N,O,C,O,H"
cand_836,-8.255,-5.517,-13.772000000000002,0.8928571428571429,False,10,"C,C,C,C,C,C,C,O,N,C,O,S,O,N,H,H,C,C,C,C,N,O,C,O,H"
cand_1680,-7.853,-5.919,-13.771999999999998,0.46875,False,10,"N,C,C,C,C,C,C,C,C,O,C,C,C,C,C"
cand_2274,-8.508,-5.259,-13.767,0.9090909090909091,False,10,"N,C,O,C,C,C,C,F,C,Br,C,C,O,O,C,N,C,C,O,H"
cand_1564,-8.397,-5.37,-13.767,0.9545454545454546,False,10,"N,C,O,C,C,C,C,Cl,C,C,C,O,C,O,C,C,N,C,C,O,H"
cand_71,-8.182,-5.583,-13.765,0.7727272727272727,False,11,"C,C,O,H,N,N,C,C,C,C,C,C,C,C,C,O,O"
cand_68,-8.233,-5.531,-13.764,0.8695652173913043,False,10,"N,C,C,C,C,C,C,O,C,O,C,N,C,C,O,H,O,H,O,H"
cand_1363,-8.329,-5.433,-13.762,0.9545454545454546,False,10,"N,C,O,C,C,C,F,C,F,C,C,O,C,O,C,C,N,C,C,O,H"
cand_362,-7.286,-6.475,-13.761,0.8125,False,9,"N,C,O,C,C,C,C,C,C,C,C,N,C,O,H,C,C,C,C,C,C,N,C,C,C,N"
cand_1187,-8.354,-5.405,-13.759,0.9545454545454546,False,10,"N,C,O,C,C,C,C,Br,C,C,C,O,C,O,C,C,N,C,C,O,H"
cand_172,-8.741,-5.017,-13.758,1.0,False,11,"C,C,C,C,C,C,C,N,C,O,O,C,C,C,C,C,N,O,C,O,H"
cand_823,-8.192,-5.566,-13.758,0.9090909090909091,False,10,"C,C,C,C,C,C,C,I,C,O,N,C,C,C,C,N,O,C,O,H"
cand_2107,-7.401,-6.348,-13.748999999999999,0.5142857142857142,False,11,"C,C,C,C,C,C,O,C,C,C,C,C,C,C,N,C,O,H"
cand_684,-8.297,-5.444,-13.741,0.88,False,11,"C,C,C,C,C,C,C,N,C,C,C,C,F,F,F,C,C,N,O,C,O,H"
cand_2053,-8.438,-5.297,-13.735,0.9090909090909091,False,10,"N,C,O,C,C,C,C,F,C,Cl,C,C,O,O,C,N,C,C,O,H"
cand_1285,-8.415,-5.315,-13.73,0.9090909090909091,False,10,"N,C,O,C,C,C,C,F,C,I,C,C,O,O,C,N,C,C,O,H"
cand_2149,-8.486,-5.242,-13.728000000000002,0.8,False,11,"N,C,C,C,C,C,C,C,C,O,O,C,C,O,H,C,F,F,O,H"
cand_94,-8.354,-5.374,-13.727999999999998,0.9523809523809523,False,10,"C,C,C,O,N,C,O,H,N,N,C,C,C,C,C,C,C,C,C,O"
cand_1267,-7.644,-6.083,-13.727,0.5588235294117647,False,10,"C,C,C,C,C,C,C,O,N,C,N,H,C,C,C,C,C,C,C"
cand_385,-8.06,-5.665,-13.725000000000001,0.84,False,11,"N,C,O,C,C,C,Cl,C,C,C,C,O,C,C,N,C,H,C,F,F,F"
cand_464,-8.304,-5.42,-13.724,0.9130434782608695,False,9,"N,C,O,C,C,F,C,C,C,O,C,O,C,C,N,C,C,O,H,O,H"
cand_1730,-8.114,-5.605,-13.719000000000001,0.8148148148148148,False,10,"C,C,C,C,C,C,O,C,O,N,C,C,F,C,C,C,C,N,O,C,O,H"
cand_608,-8.319,-5.395,-13.714,0.9090909090909091,False,10,"N,C,C,C,C,C,C,C,N,C,O,C,C,C,C,N,O,C,O,H"
cand_2042,-8.219,-5.495,-13.713999999999999,0.8571428571428571,False,10,"C,C,C,C,C,C,C,O,N,C,O,S,O,O,H,O,H,C,C,N,O,C,O,H"
cand_1243,-8.48,-5.23,-13.71,0.8260869565217391,False,11,"C,C,C,C,C,C,O,N,C,O,C,C,C,C,N,O,C,O,H"
cand_220,-8.669,-5.033,-13.702000000000002,0.95,False,10,"N,C,C,C,C,F,C,C,C,C,O,C,O,C,N,C,C,O,H"
cand_2451,-7.261,-6.441,-13.702,0.6363636363636364,False,12,"C,C,C,C,O,C,C,N,H,C,C,C,C,N,C,C,C,C,N,H,F"
cand_2187,-8.232,-5.468,-13.7,0.25,True,11,"N,C,C,C,O,C,C,C,C"
cand_1318,-7.589,-6.106,-13.695,0.6129032258064516,False,10,"N,C,O,C,C,C,Br,C,C,C,C,O,N,C,O,H,C,C,C"
cand_202,-8.097,-5.596,-13.693,0.8518518518518519,False,10,"C,C,C,C,C,C,C,O,N,C,O,N,H,H,C,O,O,C,N,O,C,O,H"
cand_1321,-7.856,-5.828,-13.684000000000001,0.2647058823529412,True,12,"O,C,C,C,C,C,N,O,H"
cand_870,-8.271,-5.411,-13.682,0.8518518518518519,False,10,"C,C,F,C,C,C,C,C,O,N,C,O,S,O,O,H,C,C,N,O,C,O,H"
cand_2167,-8.228,-5.447,-13.675,0.76,False,10,"C,C,C,C,C,N,C,O,N,C,C,C,C,C,N,O,C,O,H"
cand_1332,-8.511,-5.159,-13.669999999999998,0.8695652173913043,False,11,"C,C,Br,C,C,C,C,N,C,O,N,C,C,C,C,N,O,C,O,H"
cand_88,-8.692,-4.972,-13.664000000000001,0.9090909090909091,False,11,"N,C,C,C,C,C,C,C,C,O,C,O,C,N,C,O,H,N,O,O"
cand_1133,-7.857,-5.788,-13.645,0.8518518518518519,False,10,"C,C,C,C,C,C,O,N,C,O,N,C,C,O,H,C,C,C,N,O,C,O,H"
cand_1601,-8.022,-5.621,-13.643,0.9230769230769231,False,9,"C,C,C,C,C,C,C,N,C,O,C,N,H,H,O,H,C,C,C,N,O,C,O,H"
cand_818,-8.506,-5.128,-13.634,0.6923076923076923,False,11,"C,C,C,C,N,C,O,N,C,C,C,C,C,N,O,C,O,H"
cand_691,-7.447,-6.182,-13.629000000000001,0.6857142857142857,False,10,"N,C,O,C,C,C,C,C,C,C,O,O,C,C,C,C,O,H,C,O,H,C,C,C"
cand_1891,-8.083,-5.539,-13.622,0.9583333333333334,False,10,"C,C,C,C,C,C,C,O,N,C,O,C,O,O,H,C,C,C,N,O,C,O,H"
cand_522,-8.204,-5.413,-13.617,0.8695652173913043,False,10,"N,C,C,C,C,Cl,C,C,C,O,O,C,C,N,C,C,O,H,O,H"
cand_177,-7.547,-6.069,-13.616,0.78125,False,11,"N,C,C,C,C,C,C,C,C,O,C,C,O,C,C,C,C,C,C,N,C,C,C,C,N"
cand_1812,-8.307,-5.307,-13.614,0.9130434782608695,False,10,"C,C,C,C,C,C,Cl,C,O,N,C,O,C,C,C,C,N,O,C,O,H"
cand_1648,-8.312,-5.301,-13.613,0.8695652173913043,False,10,"N,C,O,C,C,C,C,C,Br,C,C,O,O,C,N,C,O,H,O,H"
cand_1356,-8.013,-5.587,-13.6,0.9583333333333334,False,9,"C,C,C,C,C,C,C,N,C,O,N,H,H,O,H,C,C,C,N,O,C,O,H"
cand_51,-8.278,-5.319,-13.597000000000001,0.8636363636363636,False,10,"N,C,C,Cl,C,Br,C,C,C,O,C,O,C,C,N,C,C,O,H"
cand_1848,-8.502,-5.095,-13.597000000000001,0.7307692307692307,False,11,"C,C,C,C,C,C,C,N,C,O,C,N,O,H,O,H,C,O,H"
cand_1655,-7.491,-6.097,-13.588000000000001,0.42857142857142855,False,11,"N,C,C,C,C,C,C,C,O,C,C,C,C,C,C"
cand_13,-8.185,-5.401,-13.586,0.8695652173913043,False,10,"N,C,C,C,C,Br,C,C,C,O,O,C,C,N,C,C,O,H,O,H"
cand_1121,-7.761,-5.822,-13.583,0.9565217391304348,False,10,"C,C,C,C,C,C,C,C,O,N,C,O,O,H,C,C,C,N,O,C,O,H"
cand_1724,-8.323,-5.259,-13.582,0.7916666666666666,False,10,"C,C,C,C,C,O,N,N,C,C,C,C,C,C,N,O,C,O,H"
cand_167,-7.981,-5.592,-13.573,0.9523809523809523,False,10,"C,C,C,C,C,C,C,N,C,O,C,C,C,C,C,N,O,C,O,H"
cand_895,-7.387,-6.182,-13.568999999999999,0.5151515151515151,False,11,"C,C,C,C,C,C,C,O,N,C,C,C,C,C,N,C,O"
cand_730,-8.135,-5.433,-13.568,0.7083333333333334,False,10,"C,C,C,C,C,C,C,C,O,N,C,O,H,C,C,C,O"
cand_539,-8.14,-5.427,-13.567,0.9230769230769231,False,10,"C,C,C,C,C,C,C,O,N,C,O,S,O,N,H,C,C,C,C,N,O,C,O,H"
cand_393,-7.581,-5.986,-13.567,0.5714285714285714,False,13,"C,C,C,N,C,H,C,C,C,C,N,C,C,C,C,C,N,C,O,H"
cand_640,-8.196,-5.367,-13.562999999999999,0.9565217391304348,False,9,"C,C,Cl,C,C,C,C,C,N,C,O,N,C,H,C,C,C,N,O,C,O,H"
cand_500,-8.266,-5.296,-13.562000000000001,0.84,False,10,"N,C,O,C,C,C,I,C,C,C,C,O,O,C,N,C,O,H,C,F,F"
cand_577,-7.969,-5.588,-13.557,1.0,False,10,"C,C,C,C,C,C,C,O,N,C,O,N,C,H,O,H,C,C,C,C,N,O,C,O,H"
cand_714,-8.044,-5.51,-13.554,0.9583333333333334,False,10,"C,C,C,C,C,C,F,C,O,N,C,O,N,C,C,C,C,C,N,O,C,O,H"
cand_508,-8.186,-5.363,-13.549,0.9130434782608695,False,9,"C,C,C,C,C,C,C,N,C,O,N,C,H,C,C,C,N,O,C,O,H"
cand_2348,-8.03,-5.516,-13.546,0.8461538461538461,False,10,"C,O,C,C,C,C,C,C,C,O,O,C,C,N,C,O,H,C,O,H,O,H"
cand_891,-8.24,-5.299,-13.539000000000001,0.9130434782608695,False,10,"C,C,C,C,C,C,Br,C,O,N,C,O,O,C,C,C,N,O,C,O,H"
cand_364,-8.129,-5.41,-13.539,0.7916666666666666,False,10,"C,C,C,C,C,N,C,O,N,C,C,C,C,C,N,O,C,O,H"
cand_833,-8.274,-5.264,-13.538,0.8695652173913043,False,10,"N,C,O,C,C,C,C,C,Cl,C,C,O,O,C,N,C,O,H,O,H"
cand_96,-8.122,-5.414,-13.536,1.0,False,10,"C,C,C,C,C,C,C,O,N,C,O,N,C,H,C,C,C,C,N,O,C,O,H"
cand_1496,-8.174,-5.362,-13.536,1.0,False,10,"C,C,C,C,C,C,C,C,O,N,C,O,N,C,H,C,C,C,C,N,O,C,O,H"
cand_2279,-7.618,-5.912,-13.530000000000001,0.8260869565217391,False,10,"C,C,C,C,C,C,C,N,C,O,N,C,C,C,N,O,C,O,H"
cand_1922,-7.3,-6.229,-13.529,0.21212121212121213,True,12,"O,C,H,C,C,C,C"
cand_2255,-8.303,-5.223,-13.526,0.8260869565217391,False,10,"C,O,N,C,O,H,N,C,C,C,C,C,C,C,C,C,N,C,O"
cand_274,-8.476,-5.049,-13.525000000000002,0.8571428571428571,False,10,"N,C,C,C,C,C,C,O,C,O,C,N,C,C,O,H,O,H"
cand_1520,-8.181,-5.343,-13.524,0.8695652173913043,False,10,"C,C,C,C,C,C,N,C,O,N,C,C,C,C,C,N,O,C,O,H"
cand_1904,-8.654,-4.845,-13.498999999999999,0.6521739130434783,False,11,"C,C,C,C,C,C,C,N,C,O,N,C,C,C,C"
cand_49,-8.181,-5.317,-13.498,0.9545454545454546,False,10,"N,C,O,C,C,C,C,C,C,C,O,O,C,C,N,C,C,O,H,O,H"
cand_1926,-8.171,-5.326,-13.497,0.9565217391304348,False,10,"C,C,C,C,C,C,I,C,O,N,C,O,O,C,C,C,C,N,O,C,O,H"
cand_104,-8.192,-5.303,-13.495000000000001,1.0,False,10,"N,C,O,C,C,C,C,I,C,C,C,O,C,O,C,C,N,C,C,O,H"
cand_622,-8.299,-5.195,-13.494,0.8333333333333334,False,10,"C,C,C,C,C,C,O,N,N,C,C,C,C,C,C,N,O,C,O,H"
cand_2228,-8.641,-4.85,-13.491,0.7272727272727273,False,10,"C,C,C,N,C,O,C,C,C,C,C,N,O,C,O,H"
cand_2113,-8.079,-5.412,-13.491,0.875,False,11,"C,C,C,C,C,C,C,N,C,O,N,H,O,C,C,C,N,O,C,O,H"
cand_1407,-7.912,-5.572,-13.484,0.9615384615384616,False,10,"C,C,C,C,C,C,C,O,N,C,O,N,H,N,H,H,C,C,C,C,N,O,C,O,H"
cand_1207,-7.974,-5.509,-13.483,0.9310344827586207,False,11,"C,C,C,C,C,C,C,O,N,C,O,S,O,N,H,H,O,H,C,C,C,C,N,O,C,O,H"
cand_2497,-8.126,-5.354,-13.48,0.8333333333333334,False,10,"C,C,C,C,C,C,O,N,C,O,N,C,C,C,C,N,O,C,O,H"
cand_422,-8.093,-5.384,-13.477,0.8333333333333334,False,10,"C,C,C,C,C,N,C,O,N,C,C,C,C,C,C,N,O,C,O,H"
cand_1188,-8.142,-5.329,-13.471,0.875,False,10,"C,C,C,C,C,C,O,N,C,O,N,C,C,C,C,C,N,O,C,O,H"
cand_792,-8.311,-5.154,-13.465,0.8888888888888888,False,11,"C,C,C,C,C,C,C,N,C,O,S,O,N,H,H,C,C,C,C,N,O,C,O,H"
cand_154,-8.154,-5.306,-13.46,0.875,False,10,"N,C,O,C,C,C,C,C,C,C,O,O,C,N,C,O,H,C,F,F,F"
cand_1849,-8.055,-5.403,-13.457999999999998,0.8333333333333334,False,10,"C,C,C,C,C,O,N,C,O,N,C,C,C,C,C,N,O,C,O,H"
cand_648,-8.075,-5.38,-13.454999999999998,0.8518518518518519,False,12,"C,C,C,C,C,C,C,O,N,N,C,C,C,F,F,C,C,C,C,N,O,C,O"
cand_1706,-8.186,-5.264,-13.45,0.88,False,11,"C,C,C,C,C,C,O,N,C,O,N,C,H,O,H,C,C,C,N,C,O,H"
cand_1214,-8.141,-5.307,-13.448,0.875,False,10,"C,C,C,C,C,C,O,N,C,O,N,C,C,C,C,C,N,O,C,O,H"
cand_2306,-7.995,-5.451,-13.446,0.2571428571428571,True,13,"C,N,N,C,C,C,C,C,C"
cand_1817,-7.398,-6.048,-13.446,0.7241379310344828,False,11,"C,C,C,C,C,C,N,C,O,C,C,C,C,C,C,C,N,O,C,O,H"
cand_1298,-8.075,-5.369,-13.443999999999999,0.9565217391304348,False,9,"C,C,I,C,C,C,C,C,N,C,O,N,H,H,C,C,C,N,O,C,O,H"
cand_1449,-7.933,-5.506,-13.439,0.9285714285714286,False,10,"C,C,C,C,C,C,C,N,C,O,H,S,O,O,N,H,H,C,C,C,C,N,O,C,O,H"
cand_1999,-7.511,-5.918,-13.429,0.29411764705882354,True,13,"C,C,C,O,C,C,C,C,C,O"
cand_1602,-7.48,-5.946,-13.426,0.5428571428571428,False,10,"C,C,C,O,N,N,H,H,C,C,C,C,C,C,N,O,C,O,H"
cand_2108,-8.417,-5.006,-13.423,0.8181818181818182,False,10,"C,C,C,C,C,C,C,N,C,O,C,C,O,H,C,N,O,H"
cand_1723,-7.387,-6.034,-13.421,0.5428571428571428,False,11,"C,C,C,C,C,C,C,O,N,C,S,H,C,C,C,C,N,O,H"
cand_1323,-7.863,-5.557,-13.420000000000002,0.9615384615384616,False,10,"N,C,O,C,C,C,C,C,C,C,O,C,O,C,C,N,C,C,O,H,O,H,C,O,H"
cand_2144,-8.328,-5.086,-13.414,0.75,False,11,"C,C,C,C,C,O,N,C,O,N,C,O,C,N,O,C,O,H"
cand_2404,-8.448,-4.965,-13.413,0.5833333333333334,False,11,"C,C,Cl,C,O,N,C,C,C,N,O,C,O,H"
cand_1426,-7.804,-5.606,-13.41,0.8333333333333334,False,11,"C,C,C,C,C,C,C,O,N,C,C,C,O,H,C,N,O,C,O,H"
cand_483,-8.107,-5.297,-13.404,0.9230769230769231,False,13,"C,C,C,C,C,C,C,N,C,O,N,C,C,O,H,C,C,C,C,N,O,C,O,H"
cand_357,-7.982,-5.421,-13.403,1.0,False,10,"C,C,C,C,C,C,C,O,N,C,O,N,H,H,O,H,C,C,C,C,N,O,C,O,H"
cand_2359,-8.107,-5.296,-13.402999999999999,0.5925925925925926,False,12,"C,C,C,N,C,O,S,O,N,H,H,C,C,C,C,O"
cand_249,-8.506,-4.895,-13.401,0.9523809523809523,False,11,"N,C,C,C,C,C,C,C,C,O,C,O,C,N,C,C,O,H,O,H"
cand_73,-8.709,-4.692,-13.401,0.7142857142857143,False,11,"C,C,C,C,C,C,C,N,C,O,O,C,C,C,C"
cand_1263,-8.007,-5.394,-13.401,0.9230769230769231,False,9,"C,C,C,C,C,C,C,O,N,C,O,O,C,C,F,C,C,C,C,N,O,C,O,H"
cand_294,-7.961,-5.435,-13.396,0.8518518518518519,False,11,"C,C,C,Cl,C,C,C,C,O,N,C,O,S,O,O,N,H,H,C,C,C,C,O"
cand_556,-7.2,-6.193,-13.393,0.625,False,12,"C,C,C,C,N,C,C,C,C,C,C,C,N,C,C,C,C,N,H,C"
cand_898,-7.902,-5.477,-13.379000000000001,0.9615384615384616,False,10,"C,C,C,C,C,C,C,O,N,C,O,N,H,N,C,C,C,C,C,C,N,O,C,O,H"
cand_259,-8.08,-5.293,-13.373000000000001,0.8888888888888888,False,10,"C,C,C,C,C,C,F,C,O,N,C,C,C,C,C,C"
cand_1284,-7.968,-5.402,-13.370000000000001,0.24324324324324326,True,13,"C,O,O,C,C,C,C,C,C"
cand_561,-7.974,-5.394,-13.368,0.7916666666666666,False,10,"C,C,C,C,C,N,C,O,N,C,C,C,C,C,N,O,C,O,H"
cand_119,-8.141,-5.226,-13.367,0.7727272727272727,False,11,"N,C,O,C,C,C,Cl,Cl,C,C,O,C,O,C,C,N,C"
cand_690,-8.054,-5.312,-13.366,0.875,False,10,"C,C,C,C,C,C,O,N,C,O,N,C,C,C,C,C,N,O,C,O,H"
cand_750,-8.105,-5.26,-13.365,0.7727272727272727,False,11,"N,C,O,C,C,C,Cl,Br,C,C,O,C,O,C,C,N,C"
cand_1988,-8.002,-5.357,-13.359000000000002,0.8518518518518519,False,10,"C,C,C,C,C,C,C,O,N,C,O,S,O,H,C,C,C,C,N,O,C,O,H"
cand_742,-7.922,-5.427,-13.349,0.96,False,10,"C,C,C,C,C,C,C,O,N,C,O,N,C,O,H,C,C,C,C,N,O,C,O,H"
cand_114,-8.255,-5.085,-13.34,0.9047619047619048,False,10,"C,C,C,C,O,N,C,O,H,N,C,C,C,C,C,C,C,C,O"
cand_61,-8.328,-5.01,-13.338,0.95,False,12,"N,C,C,C,C,C,C,C,C,O,C,O,C,C,N,C,C,O,H"
cand_150,-7.464,-5.87,-13.334,0.72,False,12,"C,C,C,C,C,C,C,N,S,O,O,N,H,H,C,C,C,O"
cand_100,-8.021,-5.308,-13.329,0.8571428571428571,False,10,"N,C,O,C,C,C,C,Br,C,C,C,O,O,N,C,C,O,H"
cand_420,-8.112,-5.213,-13.325,0.9545454545454546,False,11,"C,C,C,C,C,C,C,N,C,O,N,C,C,C,C,C,N,O,C,O,H"
cand_1184,-8.144,-5.179,-13.323,0.96,False,10,"C,C,C,C,C,C,C,O,N,C,O,C,C,N,H,C,C,C,C,N,O,C,O,H"
cand_864,-7.915,-5.403,-13.318,0.88,False,10,"C,C,C,C,C,C,C,C,O,N,C,H,O,H,C,C,C,N,O,C,O,H"
cand_411,-8.034,-5.276,-13.31,0.875,False,10,"C,C,I,C,C,C,C,C,O,N,C,O,C,C,C,C,N,O,C,O,H"
cand_417,-7.347,-5.962,-13.309000000000001,0.65625,False,11,"C,C,C,C,C,C,O,N,C,O,C,C,C,C,C,C,N,O,C,O,H"
cand_337,-7.86,-5.447,-13.307,0.8461538461538461,False,10,"C,C,C,C,C,C,O,N,C,O,N,C,F,C,C,C,C,N,O,C,O,H"
cand_1701,-7.814,-5.488,-13.302,0.96,False,10,"C,C,C,C,C,C,C,O,N,C,O,N,C,O,H,C,C,C,C,N,O,C,O,H"
cand_305,-8.205,-5.092,-13.297,0.8260869565217391,False,10,"C,C,C,C,C,C,O,N,O,C,C,C,C,C,N,O,C,O,H"
cand_1802,-7.867,-5.429,-13.296,0.9523809523809523,False,12,"N,C,C,C,C,C,C,F,C,C,O,C,O,C,N,C,O,H,O,H"
cand_762,-8.215,-5.081,-13.296,0.8260869565217391,False,10,"C,C,C,C,C,C,O,N,O,C,C,C,C,C,N,O,C,O,H"
cand_438,-8.145,-5.148,-13.293,0.7407407407407407,False,10,"C,C,C,C,C,C,C,O,N,C,O,O,C,S,O,N,C,C,C,O"
cand_8,-6.954,-6.332,-13.286,0.7878787878787878,False,10,"N,C,C,C,C,C,C,C,O,C,C,N,C,O,H,C,C,C,C,C,C,N,C,C,C,H"
cand_1593,-8.007,-5.278,-13.285,0.875,False,10,"C,C,Br,C,C,C,C,C,O,N,C,O,C,C,C,C,N,O,C,O,H"
cand_477,-7.389,-5.892,-13.281,0.5,False,11,"C,C,C,C,C,C,C,N,C,O,C,C,C,C,N,O,H"
cand_531,-8.049,-5.228,-13.277,0.7916666666666666,False,10,"C,C,C,C,C,F,C,O,N,C,C,C,C,C,N,O,C,O,H"
cand_2385,-8.17,-5.103,-13.273,0.8181818181818182,False,11,"C,C,C,C,C,N,C,O,N,C,C,C,C,N,O,C,O,H"
cand_1650,-7.847,-5.426,-13.273,0.8695652173913043,False,11,"C,C,F,C,C,C,C,C,O,N,C,C,C,C,C,N,O,C,O,H"
cand_60,-8.258,-4.993,-13.251,0.95,False,10,"N,C,C,C,C,C,C,C,C,O,C,O,C,C,N,C,C,O,H"
cand_1221,-8.094,-5.156,-13.25,0.9565217391304348,False,10,"C,C,C,I,C,C,C,C,O,N,C,O,O,C,C,C,C,N,O,C,O,H"
cand_335,-8.004,-5.241,-13.245,0.7307692307692307,False,10,"C,C,C,C,C,N,C,O,N,C,C,C,C,C,N,O,C,O,H"
cand_808,-7.014,-6.229,-13.243,0.5757575757575758,False,14,"C,C,C,C,O,N,C,C,C,C,C,C,C,C,C,C,N,O,H"
cand_170,-7.031,-6.21,-13.241,0.25,True,10,"C,C,C,C,C,C,C,C"
cand_1334,-7.835,-5.395,-13.23,0.84,False,10,"C,C,C,C,C,C,O,N,C,O,N,C,C,C,C,C,N,O,C,O,H"
cand_102,-7.602,-5.621,-13.223,0.8076923076923077,False,11,"C,C,C,C,C,C,C,O,N,C,O,C,C,F,F,F,C,O,C,O,H"
cand_176,-7.913,-5.309,-13.222000000000001,0.96,False,10,"C,C,C,C,C,C,C,O,N,C,S,O,N,H,H,C,C,C,C,N,O,C,O,H"
cand_606,-7.917,-5.297,-13.213999999999999,1.0,False,10,"C,C,C,C,C,C,C,O,N,C,O,O,C,O,H,C,C,C,C,N,O,C,O,H"
cand_2116,-6.936,-6.27,-13.206,0.65625,False,10,"N,C,C,C,C,C,O,C,C,C,C,C,C,C,C,N,C,C,C,N,H"
cand_131,-8.199,-4.996,-13.195,0.95,False,10,"N,C,C,C,C,C,C,C,C,O,C,O,C,C,N,C,C,O,H"
cand_1518,-8.149,-5.045,-13.193999999999999,0.8695652173913043,False,10,"C,C,F,C,C,C,C,C,O,N,C,O,N,H,C,C,C,N,C,O"
cand_460,-8.166,-5.019,-13.185,0.9565217391304348,False,10,"C,C,C,C,C,C,Br,C,N,C,O,N,H,C,C,C,C,N,O,C,O,H"
cand_226,-7.506,-5.678,-13.184000000000001,0.875,False,10,"C,C,C,C,C,C,C,C,O,N,C,O,N,H,C,C,N,O,C,O,H"
cand_280,-7.899,-5.282,-13.181000000000001,0.84,False,10,"C,C,C,C,C,C,O,N,C,N,C,O,H,C,C,C,N,O,C,O,H"
cand_1007,-7.515,-5.662,-13.177,0.2647058823529412,True,9,"C,C,C,Cl,C,O,C,C,C"
cand_2364,-7.979,-5.197,-13.176,0.9166666666666666,False,10,"C,C,C,C,C,C,C,O,N,C,O,O,C,C,C,C,C,N,O,C,O,H"
cand_872,-7.461,-5.713,-13.174,0.7692307692307693,False,10,"N,C,C,C,C,C,C,C,C,C,O,C,O,C,C,N,O,C,O,H"
cand_397,-7.919,-5.247,-13.166,0.8461538461538461,False,10,"C,C,I,C,C,C,C,C,O,N,C,O,H,C,C,C,C,N,O,C,O,H"
cand_25,-7.97,-5.184,-13.154,0.9545454545454546,False,10,"C,C,C,C,C,C,C,O,N,C,O,C,C,C,C,C,N,O,C,O,H"
cand_1015,-6.908,-6.245,-13.153,0.7419354838709677,False,12,"C,C,C,C,C,O,C,C,C,C,C,N,C,C,C,C,N,H,C,N,C,O,H"
cand_90,-8.152,-4.993,-13.145,0.8095238095238095,False,10,"C,C,C,C,C,C,C,Br,C,O,N,C,C,C,C,C,O"
cand_392,-7.608,-5.523,-13.131,0.9166666666666666,False,10,"C,C,C,C,C,C,C,N,C,O,N,C,C,O,C,C,C,N,O,C,O,H"
cand_840,-7.916,-5.214,-13.13,0.8,False,10,"C,C,C,C,C,C,N,C,O,C,C,C,C,C,C,N,O,C,O,H"
cand_175,-7.958,-5.171,-13.129000000000001,0.9545454545454546,False,11,"C,C,C,C,C,C,C,O,N,C,O,O,C,C,C,C,N,O,C,O,H"
cand_761,-7.325,-5.799,-13.124,0.29411764705882354,True,12,"C,C,C,O,C,C,C,C,C,O"
cand_1145,-7.047,-6.076,-13.123,0.6285714285714286,False,12,"C,C,C,C,C,C,C,C,O,H,C,C,C,C,C,N,C,C,H,C,C,O"
cand_159,-7.838,-5.284,-13.122,0.8636363636363636,False,10,"C,C,C,C,C,C,C,O,N,C,N,H,C,C,N,O,C,O,H"
cand_236,-8.139,-4.983,-13.122,0.95,False,10,"N,C,C,C,C,C,C,C,C,O,C,O,C,C,N,C,C,O,H"
cand_2403,-8.177,-4.934,-13.111,0.7619047619047619,False,10,"C,C,C,C,C,C,C,Cl,C,C,C,N,O,C,O,H"
cand_668,-7.855,-5.254,-13.109,0.9310344827586207,False,10,"C,C,C,C,C,C,C,O,N,C,O,N,C,H,S,O,O,H,C,C,C,C,N,O,C,O,H"
cand_1640,-6.451,-6.645,-13.096,0.2558139534883721,True,13,"C,C,C,C,C,N,H,C,C,C,C"
cand_1754,-8.498,-4.597,-13.094999999999999,0.68,False,11,"C,C,C,C,C,C,C,O,N,C,N,N,C,C,C,C,O"
cand_41,-7.999,-5.095,-13.094,0.95,False,10,"N,C,C,C,C,C,C,C,C,O,C,O,C,C,N,C,C,O,H"
cand_2132,-7.899,-5.19,-13.089,0.8695652173913043,False,10,"C,C,C,C,C,Br,C,O,N,N,C,C,C,C,C,N,O,C,O,H"
cand_1489,-8.058,-5.027,-13.085,0.84,False,11,"C,C,C,C,C,C,C,N,C,O,C,C,F,F,F,C,N,O,C,O,H"
cand_2300,-7.88,-5.205,-13.085,0.8695652173913043,False,10,"C,C,C,C,C,Cl,C,O,N,N,C,C,C,C,C,N,O,C,O,H"
cand_1705,-7.321,-5.758,-13.079,0.8,False,10,"C,C,C,C,C,C,C,C,N,C,N,O,H,H,C,N,O,C,O,H"
cand_620,-7.119,-5.956,-13.075,0.6666666666666666,False,11,"C,C,C,C,O,N,C,O,C,C,C,C,C,C,C,N,O,C,O,H"
cand_591,-8.047,-5.027,-13.074000000000002,0.8,False,10,"C,C,C,C,C,C,C,N,C,O,O,C,N,C,C,N,O,C,O,H"
cand_401,-8.25,-4.822,-13.072,0.7727272727272727,False,11,"C,C,C,N,C,O,N,C,C,C,C,C,N,O,C,O,H"
cand_266,-8.053,-5.016,-13.069,1.0,False,10,"C,C,C,C,C,C,C,C,N,C,O,C,C,C,C,N,O,C,O,H"
cand_817,-7.698,-5.358,-13.056000000000001,0.7916666666666666,False,10,"C,C,C,C,C,N,C,O,N,C,C,C,C,C,N,O,C,O,H"
cand_592,-7.852,-5.201,-13.053,0.17142857142857143,True,14,"C,O,C,C,C,C"
cand_2354,-6.663,-6.381,-13.044,0.5,False,11,"C,C,C,F,F,C,C,C,C,N,C,C,C,C,N,H"
cand_479,-7.866,-5.172,-13.038,0.8636363636363636,False,12,"N,C,C,C,C,C,C,Cl,C,C,O,C,O,C,N,C,O,H,O"
cand_28,-7.99,-5.043,-13.033000000000001,0.95,False,10,"N,C,C,C,C,C,C,C,C,O,C,O,C,C,N,C,C,O,H"
cand_1124,-7.893,-5.14,-13.033,0.9166666666666666,False,10,"C,C,C,C,C,C,C,N,C,O,C,C,N,H,H,C,C,N,O,C,O,H"
cand_741,-8.01,-5.022,-13.032,0.9565217391304348,False,10,"C,C,C,C,C,C,I,C,N,C,O,N,H,C,C,C,C,N,O,C,O,H"
cand_116,-7.984,-5.046,-13.030000000000001,0.95,False,10,"N,C,C,C,C,C,C,C,C,O,C,O,C,C,N,C,C,O,H"
cand_229,-8.031,-4.994,-13.025,1.0,False,10,"C,C,C,C,C,C,C,C,N,C,O,N,H,H,C,C,C,C,N,O,C,O,H"
cand_1183,-7.802,-5.22,-13.021999999999998,0.84,False,10,"C,C,C,C,C,C,C,O,N,C,O,C,N,C,C,C,N,O,C,O,H"
cand_2095,-7.806,-5.212,-13.018,0.84,False,10,"C,C,C,C,C,C,O,N,C,O,O,C,C,C,C,C,N,O,C,O,H"
cand_2374,-7.787,-5.23,-13.017,0.9615384615384616,False,10,"C,C,C,C,C,C,N,C,O,H,S,O,O,N,H,H,C,C,C,C,N,O,C,O,H"
cand_693,-7.902,-5.113,-13.015,0.8260869565217391,False,10,"C,C,C,C,C,I,C,O,C,O,C,C,C,C,N,O,C,O,H"
cand_405,-7.45,-5.549,-12.999,0.2727272727272727,True,13,"C,C,C,O,C,C,C,C,O"
cand_2321,-7.203,-5.784,-12.987,0.7,False,11,"C,C,C,C,C,N,C,O,C,C,C,C,C,C,C,C,N,O,C,O,H"
cand_1573,-7.67,-5.314,-12.984,0.8846153846153846,False,10,"C,C,C,C,C,C,C,O,N,C,O,N,C,H,N,C,C,C,N,O,C,O,H"
cand_1294,-7.193,-5.768,-12.960999999999999,0.8076923076923077,False,10,"C,C,C,C,C,C,C,N,C,O,C,N,O,H,H,O,H,C,C,C,O"
cand_1892,-7.313,-5.646,-12.959,0.2647058823529412,True,9,"N,C,O,C,O,C,C,C,C"
cand_1139,-7.617,-5.341,-12.958,0.8076923076923077,False,10,"C,C,C,C,C,C,C,O,N,C,O,C,N,H,C,C,N,O,C,O,H"
cand_1690,-7.742,-5.213,-12.955,0.96,False,10,"C,C,C,C,C,C,C,N,C,O,N,H,N,H,H,C,C,C,C,N,O,C,O,H"
cand_1950,-7.081,-5.87,-12.951,0.28888888888888886,True,11,"C,O,C,C,C,C,N,C,C,C,C,N,H"
cand_1562,-8.116,-4.816,-12.931999999999999,0.7142857142857143,False,10,"C,C,C,C,C,I,C,C,O,C,N,C,C,O,H"
cand_946,-7.808,-5.122,-12.93,0.7142857142857143,False,10,"C,C,C,C,C,C,N,H,H,S,O,N,H,H,C,N,O,C,O,H"
cand_2056,-7.314,-5.614,-12.928,0.8181818181818182,False,11,"C,C,C,C,C,C,C,C,N,C,C,C,C,N,O,C,O,H"
cand_2485,-8.124,-4.803,-12.927,0.8,False,10,"N,C,C,C,C,C,Br,C,C,C,O,C,C,N,C,C"
cand_1910,-7.976,-4.945,-12.921,0.76,False,10,"C,C,C,C,C,N,C,O,S,O,N,H,C,C,N,O,C,O,H"
cand_1861,-8.033,-4.879,-12.911999999999999,0.29411764705882354,True,11,"C,C,C,C,C,N,C,O,N,C"
cand_1700,-6.814,-6.097,-12.911000000000001,0.6666666666666666,False,10,"C,C,C,C,C,N,C,O,C,C,C,C,C,C,C,C,C,N,H,C,N,H"
cand_1515,-8.101,-4.804,-12.905000000000001,0.8,False,10,"N,C,C,C,C,C,Br,C,C,C,O,C,C,N,C,C"
cand_586,-7.671,-5.221,-12.892,0.7916666666666666,False,9,"C,C,C,C,C,C,N,C,O,C,C,C,C,C,N,O,C,O,H"
cand_2371,-7.599,-5.282,-12.881,0.8636363636363636,False,10,"C,C,C,C,C,C,C,N,C,C,C,O,C,C,N,O,C,O,H"
cand_928,-7.344,-5.516,-12.86,0.23529411764705882,True,11,"C,C,C,C,C,C,N,C"
cand_1953,-7.88,-4.972,-12.852,0.9583333333333334,False,10,"C,C,C,C,C,C,C,N,C,O,N,C,O,C,C,C,C,C,N,O,C,O,H"
cand_473,-7.236,-5.601,-12.837,0.9565217391304348,False,10,"C,C,C,C,C,C,C,N,C,N,C,O,O,C,C,C,C,N,O,C,O,H"
cand_1889,-6.785,-6.05,-12.835,0.5882352941176471,False,9,"N,C,C,C,C,C,O,C,C,C,C,C,C,N,C,C,C,C,N,H"
cand_1247,-7.709,-5.119,-12.828,0.9642857142857143,False,10,"C,C,C,C,C,C,C,N,C,O,O,N,S,O,O,N,H,H,C,C,C,C,N,O,C,O,H"
cand_380,-7.411,-5.402,-12.812999999999999,0.8333333333333334,False,11,"C,C,C,C,C,C,C,N,C,C,C,N,C,H,C,N,O,C,O,H"
cand_181,-7.914,-4.881,-12.795,0.9545454545454546,False,10,"C,C,C,C,C,C,C,N,C,O,N,C,C,C,C,C,N,O,C,O,H"
cand_1017,-7.077,-5.713,-12.79,0.8,False,10,"C,C,F,C,C,C,C,C,N,C,O,C,N,O,H,H,C,C,C,O"
cand_424,-7.306,-5.483,-12.789,0.96,False,9,"C,C,C,C,C,C,C,O,N,C,O,O,N,C,C,C,C,C,C,N,O,C,O,H"
cand_1598,-7.587,-5.2,-12.786999999999999,0.7916666666666666,False,12,"C,C,C,C,C,C,C,O,N,C,O,O,C,O,H,C,N,O,H"
cand_2389,-7.739,-5.041,-12.780000000000001,0.875,False,12,"C,C,C,C,C,C,C,N,C,O,N,C,H,O,C,C,N,O,C,O,H"
cand_1870,-7.43,-5.35,-12.78,0.28205128205128205,True,13,"C,C,C,C,O,C,C,C,C,C,O"
cand_48,-7.317,-5.458,-12.775,0.9090909090909091,False,10,"C,C,C,C,C,O,N,C,O,N,C,C,C,C,C,N,O,C,O,H"
cand_22,-7.651,-5.121,-12.772,0.6896551724137931,False,10,"C,C,C,C,C,C,C,N,C,O,O,C,O,H,C,C,C,C,N,C"
cand_471,-7.565,-5.17,-12.735,0.7741935483870968,False,9,"C,C,C,C,C,C,C,N,C,S,N,H,S,N,H,H,C,C,C,N,O,C,O,H"
cand_1973,-7.677,-5.049,-12.725999999999999,0.9166666666666666,False,10,"C,C,C,C,C,C,C,N,C,O,C,N,C,C,C,C,C,N,O,C,O,H"
cand_2093,-7.668,-5.056,-12.724,0.8461538461538461,False,10,"C,C,C,C,C,C,C,N,C,O,N,C,N,C,C,C,C,N,O,C,O,H"
cand_2016,-7.861,-4.854,-12.715,0.84,False,10,"C,C,C,C,C,C,N,C,O,S,O,N,H,C,C,C,C,N,C,O,H"
cand_1186,-7.202,-5.502,-12.704,0.92,False,9,"C,C,C,C,C,C,C,O,N,C,O,O,C,N,H,C,C,C,N,O,C,O,H"
cand_1647,-7.598,-5.096,-12.693999999999999,0.8636363636363636,False,12,"N,C,C,C,C,C,C,Br,C,C,O,C,O,C,N,C,O,H,O"
cand_2305,-7.079,-5.605,-12.684000000000001,0.2857142857142857,True,13,"C,O,N,H,H,C,C,C,C,O"
cand_428,-7.629,-5.042,-12.671,0.7916666666666666,False,10,"C,C,C,C,C,C,N,C,O,C,C,C,C,C,N,O,C,O,H"
cand_1026,-7.38,-5.285,-12.665,0.2571428571428571,True,12,"C,O,C,C,C,C,C,N,O"
cand_625,-7.828,-4.826,-12.654,0.9090909090909091,False,10,"C,C,C,C,C,F,C,O,N,C,C,C,C,C,C,N,O,C,O,H"
cand_2050,-7.193,-5.461,-12.654,0.8,False,10,"C,C,C,C,C,C,C,N,C,O,O,C,N,C,C,C,C,C,O,H"
cand_1397,-7.219,-5.351,-12.57,0.6666666666666666,False,10,"N,C,C,C,C,C,C,C,C,O,C,C,O,H"
cand_101,-7.187,-5.351,-12.538,0.9230769230769231,False,9,"C,C,C,C,C,C,C,O,N,C,O,N,H,N,H,H,C,C,C,N,O,C,O,H"
cand_1422,-7.241,-5.289,-12.53,0.2,True,12,"C,C,C,C,C,C,C"
cand_455,-6.759,-5.753,-12.512,0.29411764705882354,True,13,"C,C,C,O,O,C,C,C,C,C"
cand_607,-7.643,-4.868,-12.511,0.6956521739130435,False,11,"C,C,C,C,C,C,N,C,O,C,C,C,N,C,O,H"
cand_2163,-7.372,-5.132,-12.504,0.85,False,10,"N,C,C,C,C,C,C,C,C,O,O,C,N,C,O,H,H"
cand_844,-6.999,-5.476,-12.475,0.2857142857142857,True,13,"C,C,C,C,O,C,C,C,C,H"
cand_1043,-7.036,-5.417,-12.453,0.18421052631578946,True,11,"C,C,C,C,C,C,O"
cand_795,-7.024,-5.329,-12.353,0.2777777777777778,True,11,"O,N,C,C,C,C,C,C,C,O"
cand_1688,-6.884,-5.459,-12.343,0.2777777777777778,True,12,"C,O,C,C,C,C,C,O,O,H"
cand_258,-7.001,-5.328,-12.329,0.2,True,10,"O,O,C,C,C,C,C"
cand_2109,-6.967,-5.357,-12.324,0.75,False,9,"C,C,C,I,C,C,C,C,N,C,O,N,C,C,C,C,O,H"
cand_1957,-6.731,-5.576,-12.306999999999999,0.21212121212121213,True,11,"C,C,C,C,C,C,H"
cand_2169,-6.729,-5.544,-12.273,0.2903225806451613,True,10,"C,C,C,C,C,C,N,C,C"
cand_1088,-7.057,-5.15,-12.207,0.27586206896551724,True,10,"C,O,C,N,O,C,O,H"
cand_1951,-6.968,-5.232,-12.2,0.9583333333333334,False,9,"N,C,C,C,C,C,C,C,I,C,O,C,O,C,C,N,C,C,O,H,C,O,H"
cand_2433,-6.806,-5.355,-12.161000000000001,0.6818181818181818,False,9,"N,C,C,C,C,C,C,C,C,O,C,O,H,O,H"
cand_1790,-6.301,-5.823,-12.124,0.2972972972972973,True,9,"C,O,C,C,C,N,C,C,C,H,N"
cand_1678,-6.641,-5.471,-12.112,0.9583333333333334,False,10,"C,C,C,C,C,C,C,O,N,C,N,C,H,N,C,C,C,C,N,O,C,O,H"
cand_1551,-6.754,-5.357,-12.111,0.8,False,9,"C,C,C,C,C,C,C,N,C,O,C,N,O,C,O,H"
cand_1784,-6.307,-5.76,-12.067,0.2894736842105263,True,11,"C,C,C,O,O,C,C,C,C,O,H"
cand_1287,-6.656,-5.353,-12.009,0.8518518518518519,False,10,"C,C,C,C,C,C,C,N,C,N,H,H,O,N,H,H,C,C,N,O,C,O,H"
cand_1907,-6.536,-5.471,-12.007,0.2972972972972973,True,12,"C,C,O,H,C,C,C,N,C,C,C"
cand_718,-6.582,-5.404,-11.986,0.8,False,10,"C,C,C,C,C,C,C,C,C,O,C,N,O,C,O,H"
cand_1136,-6.455,-5.454,-11.908999999999999,0.8,False,10,"C,C,C,C,C,N,C,O,C,O,H,C,C,C,C,N,O,C,O,H"
cand_1382,-6.803,-5.029,-11.832,0.8181818181818182,False,10,"C,C,F,C,C,C,C,C,N,N,C,C,C,N,O,C,O,H"
cand_1030,-5.77,-5.773,-11.543,0.2647058823529412,True,7,"C,C,O,C,C,C,C,C,C"
cand_1591,-6.052,-5.416,-11.468,0.2962962962962963,True,9,"Cl,C,C,C,C,C,N,H"
cand_1403,-6.143,-5.291,-11.434000000000001,0.6666666666666666,False,11,"C,C,C,C,C,C,C,C,N,C,O,C,H,C,C,O"
cand_1856,-6.355,-5.072,-11.427,0.8695652173913043,False,9,"C,C,C,C,C,C,C,C,O,N,C,C,C,C,C,N,O,C,O,H"
cand_185,-6.217,-5.152,-11.369,0.2903225806451613,True,11,"C,C,C,O,N,C,O,O,C"
cand_253,-6.298,-5.064,-11.362,0.8695652173913043,False,9,"C,C,C,C,C,C,C,C,O,N,C,C,C,C,C,N,O,C,O,H"
cand_685,-6.262,-4.895,-11.157,0.8695652173913043,False,9,"C,C,C,C,C,C,C,C,O,N,C,C,C,C,C,N,O,C,O,H"
cand_893,-6.389,-4.728,-11.117,0.2692307692307692,True,10,"C,C,O,C,C,C,O"
cand_1288,-5.916,-5.199,-11.115,0.28125,True,10,"C,C,C,C,C,O,C,C,C"
cand_1909,-6.602,-4.283,-10.885000000000002,0.25,True,9,"C,O,C,C,C,C"
cand_2488,-5.889,-4.601,-10.49,0.27586206896551724,True,9,"C,O,N,C,O,C,C,O"
