name,crbn_affinity,ppil4_affinity,combined_affinity,score,dockq,irmsd,fnat,lrmsd
cand_80,-8.196,-6.593,-14.789,-151.273,0.621,1.766,0.730,14.685
cand_2392,-9.107,-6.226,-15.332999999999998,-159.775,0.580,2.957,0.712,24.191
cand_2123,-9.7,-6.367,-16.067,-144.609,0.498,4.288,0.586,31.448
cand_491,-9.188,-5.797,-14.985,-144.609,0.498,4.288,0.586,31.448
cand_72,-8.333,-6.457,-14.79,-121.580,0.483,3.787,0.533,21.759
cand_465,-9.932,-5.874,-15.806000000000001,-135.713,0.468,5.842,0.512,51.392
cand_1987,-9.759,-5.98,-15.739,-135.713,0.468,5.842,0.512,51.392
cand_1959,-9.712,-5.947,-15.658999999999999,-135.713,0.468,5.842,0.512,51.392
cand_381,-10.193,-5.924,-16.117,-135.713,0.468,5.842,0.512,51.392
cand_1092,-9.927,-5.978,-15.905,-135.713,0.468,5.842,0.512,51.392
cand_1668,-9.201,-5.64,-14.841000000000001,-135.713,0.468,5.842,0.512,51.392
cand_672,-9.163,-7.207,-16.37,-156.118,0.409,5.414,0.554,49.877
cand_708,-9.508,-6.463,-15.971,-156.118,0.409,5.414,0.554,49.877
cand_271,-9.951,-5.92,-15.871,-156.118,0.409,5.414,0.554,49.877
cand_528,-9.967,-5.845,-15.812000000000001,-156.118,0.409,5.414,0.554,49.877
cand_1,-9.215,-6.225,-15.44,-156.118,0.409,5.414,0.554,49.877
cand_2426,-8.771,-6.489,-15.260000000000002,-116.153,0.381,3.822,0.527,54.003
cand_1992,-9.364,-6.635,-15.999,-117.639,0.354,4.961,0.480,44.377
cand_234,-9.282,-5.977,-15.259,-117.639,0.354,4.961,0.480,44.377
cand_1924,-8.996,-5.986,-14.982,-117.639,0.354,4.961,0.480,44.377
cand_42,-7.859,-6.989,-14.847999999999999,-133.299,0.341,3.490,0.414,43.510
cand_934,-8.549,-6.326,-14.875,-143.472,0.318,5.749,0.411,69.237
cand_1915,-8.604,-6.142,-14.745999999999999,-143.472,0.318,5.749,0.411,69.237
cand_1360,-9.89,-5.963,-15.853000000000002,-137.888,0.301,7.643,0.379,67.922
cand_1419,-9.865,-5.807,-15.672,-137.888,0.301,7.643,0.379,67.922
cand_2330,-10.207,-6.035,-16.242,-158.608,0.285,7.561,0.328,64.887
cand_1800,-9.083,-6.952,-16.035,-144.986,0.277,9.685,0.314,84.045
cand_443,-9.405,-6.527,-15.931999999999999,-144.986,0.277,9.685,0.314,84.045
cand_1096,-8.97,-6.771,-15.741,-144.986,0.277,9.685,0.314,84.045
cand_1066,-9.332,-6.401,-15.733,-144.986,0.277,9.685,0.314,84.045
cand_598,-10.098,-5.441,-15.539000000000001,-144.986,0.277,9.685,0.314,84.045
cand_1649,-9.822,-5.662,-15.483999999999998,-144.986,0.277,9.685,0.314,84.045
cand_2494,-9.798,-5.646,-15.443999999999999,-144.986,0.277,9.685,0.314,84.045
cand_1172,-9.689,-5.736,-15.425,-144.986,0.277,9.685,0.314,84.045
cand_1462,-9.536,-5.871,-15.407,-144.986,0.277,9.685,0.314,84.045
cand_11,-9.625,-5.742,-15.367,-144.986,0.277,9.685,0.314,84.045
cand_1069,-9.848,-5.486,-15.334,-144.986,0.277,9.685,0.314,84.045
cand_2373,-9.822,-5.498,-15.32,-144.986,0.277,9.685,0.314,84.045
cand_1898,-9.851,-5.468,-15.319,-144.986,0.277,9.685,0.314,84.045
cand_920,-9.696,-5.614,-15.309999999999999,-144.986,0.277,9.685,0.314,84.045
cand_343,-9.729,-5.574,-15.302999999999999,-144.986,0.277,9.685,0.314,84.045
cand_325,-10.111,-5.185,-15.296,-144.986,0.277,9.685,0.314,84.045
cand_1064,-9.494,-5.764,-15.258,-144.986,0.277,9.685,0.314,84.045
cand_1181,-9.785,-5.473,-15.258,-144.986,0.277,9.685,0.314,84.045
cand_1246,-9.806,-5.433,-15.238999999999999,-144.986,0.277,9.685,0.314,84.045
cand_1796,-9.807,-5.425,-15.232,-144.986,0.277,9.685,0.314,84.045
cand_1719,-9.053,-6.172,-15.225000000000001,-144.986,0.277,9.685,0.314,84.045
cand_770,-9.795,-5.426,-15.221,-144.986,0.277,9.685,0.314,84.045
cand_330,-9.62,-5.598,-15.218,-144.986,0.277,9.685,0.314,84.045
cand_2455,-9.741,-5.473,-15.213999999999999,-144.986,0.277,9.685,0.314,84.045
cand_739,-9.366,-5.824,-15.19,-144.986,0.277,9.685,0.314,84.045
cand_1441,-9.722,-5.463,-15.184999999999999,-144.986,0.277,9.685,0.314,84.045
cand_2355,-9.418,-5.752,-15.169999999999998,-144.986,0.277,9.685,0.314,84.045
cand_912,-9.657,-5.51,-15.167,-144.986,0.277,9.685,0.314,84.045
cand_1464,-9.681,-5.486,-15.166999999999998,-144.986,0.277,9.685,0.314,84.045
cand_83,-9.563,-5.572,-15.135000000000002,-144.986,0.277,9.685,0.314,84.045
cand_757,-9.878,-5.25,-15.128,-144.986,0.277,9.685,0.314,84.045
cand_2417,-9.846,-5.273,-15.119,-144.986,0.277,9.685,0.314,84.045
cand_1141,-9.665,-5.45,-15.114999999999998,-144.986,0.277,9.685,0.314,84.045
cand_1228,-9.523,-5.588,-15.111,-144.986,0.277,9.685,0.314,84.045
cand_599,-9.553,-5.545,-15.098,-144.986,0.277,9.685,0.314,84.045
cand_2162,-9.731,-5.348,-15.079,-144.986,0.277,9.685,0.314,84.045
cand_65,-9.604,-5.473,-15.076999999999998,-144.986,0.277,9.685,0.314,84.045
cand_163,-9.42,-5.652,-15.072,-144.986,0.277,9.685,0.314,84.045
cand_1364,-9.489,-5.578,-15.067,-144.986,0.277,9.685,0.314,84.045
cand_21,-9.365,-5.695,-15.06,-144.986,0.277,9.685,0.314,84.045
cand_2293,-9.761,-5.297,-15.058,-144.986,0.277,9.685,0.314,84.045
cand_1981,-9.708,-5.341,-15.049,-144.986,0.277,9.685,0.314,84.045
cand_244,-9.738,-5.281,-15.018999999999998,-144.986,0.277,9.685,0.314,84.045
cand_171,-9.387,-5.627,-15.014,-144.986,0.277,9.685,0.314,84.045
cand_2486,-9.374,-5.636,-15.010000000000002,-144.986,0.277,9.685,0.314,84.045
cand_1051,-8.848,-6.152,-15.0,-144.986,0.277,9.685,0.314,84.045
cand_247,-9.383,-5.616,-14.998999999999999,-144.986,0.277,9.685,0.314,84.045
cand_117,-9.296,-5.702,-14.998,-144.986,0.277,9.685,0.314,84.045
cand_2416,-9.594,-5.404,-14.998,-144.986,0.277,9.685,0.314,84.045
cand_2154,-9.32,-5.676,-14.996,-144.986,0.277,9.685,0.314,84.045
cand_2260,-9.633,-5.358,-14.991,-144.986,0.277,9.685,0.314,84.045
cand_1415,-9.569,-5.409,-14.978000000000002,-144.986,0.277,9.685,0.314,84.045
cand_1604,-9.326,-5.652,-14.978000000000002,-144.986,0.277,9.685,0.314,84.045
cand_1028,-9.618,-5.358,-14.975999999999999,-144.986,0.277,9.685,0.314,84.045
cand_85,-9.704,-5.266,-14.97,-144.986,0.277,9.685,0.314,84.045
cand_967,-9.647,-5.322,-14.969000000000001,-144.986,0.277,9.685,0.314,84.045
cand_1440,-9.593,-5.375,-14.968,-144.986,0.277,9.685,0.314,84.045
cand_20,-9.754,-5.209,-14.963,-144.986,0.277,9.685,0.314,84.045
cand_148,-9.418,-5.544,-14.962,-144.986,0.277,9.685,0.314,84.045
cand_251,-9.686,-5.257,-14.943,-144.986,0.277,9.685,0.314,84.045
cand_910,-9.485,-5.442,-14.927,-144.986,0.277,9.685,0.314,84.045
cand_2062,-9.591,-5.332,-14.922999999999998,-144.986,0.277,9.685,0.314,84.045
cand_594,-9.59,-5.331,-14.921,-144.986,0.277,9.685,0.314,84.045
cand_12,-9.332,-5.574,-14.906,-144.986,0.277,9.685,0.314,84.045
cand_574,-9.771,-5.126,-14.897000000000002,-144.986,0.277,9.685,0.314,84.045
cand_1380,-9.584,-5.294,-14.878,-144.986,0.277,9.685,0.314,84.045
cand_2478,-9.516,-5.361,-14.876999999999999,-144.986,0.277,9.685,0.314,84.045
cand_1912,-9.291,-5.544,-14.835,-144.986,0.277,9.685,0.314,84.045
cand_696,-9.492,-5.326,-14.818000000000001,-144.986,0.277,9.685,0.314,84.045
cand_1684,-9.706,-5.112,-14.818,-144.986,0.277,9.685,0.314,84.045
cand_564,-9.574,-5.244,-14.818,-144.986,0.277,9.685,0.314,84.045
cand_2177,-9.546,-5.264,-14.809999999999999,-144.986,0.277,9.685,0.314,84.045
cand_452,-9.686,-5.123,-14.809000000000001,-144.986,0.277,9.685,0.314,84.045
cand_2223,-9.475,-5.328,-14.803,-144.986,0.277,9.685,0.314,84.045
cand_520,-9.573,-5.221,-14.794,-144.986,0.277,9.685,0.314,84.045
cand_484,-9.284,-5.51,-14.794,-144.986,0.277,9.685,0.314,84.045
cand_1251,-9.451,-5.338,-14.789000000000001,-144.986,0.277,9.685,0.314,84.045
cand_1101,-9.581,-5.208,-14.789,-144.986,0.277,9.685,0.314,84.045
cand_1948,-9.23,-5.556,-14.786000000000001,-144.986,0.277,9.685,0.314,84.045
cand_1827,-9.26,-5.521,-14.780999999999999,-144.986,0.277,9.685,0.314,84.045
cand_1985,-9.336,-5.43,-14.766,-144.986,0.277,9.685,0.314,84.045
cand_658,-9.629,-5.134,-14.763,-144.986,0.277,9.685,0.314,84.045
cand_328,-9.598,-5.158,-14.756,-144.986,0.277,9.685,0.314,84.045
cand_151,-10.051,-5.535,-15.586,-144.986,0.277,9.685,0.314,84.045
cand_2033,-9.695,-5.613,-15.308,-144.986,0.277,9.685,0.314,84.045
cand_472,-9.683,-5.329,-15.012,-144.986,0.277,9.685,0.314,84.045
cand_1315,-9.575,-5.343,-14.918,-144.986,0.277,9.685,0.314,84.045
cand_1622,-9.717,-5.441,-15.158000000000001,-144.986,0.277,9.685,0.314,84.045
cand_636,-9.342,-6.449,-15.791,-144.830,0.275,8.467,0.308,97.530
cand_1074,-9.179,-6.556,-15.735,-144.830,0.275,8.467,0.308,97.530
cand_633,-9.354,-6.366,-15.719999999999999,-144.830,0.275,8.467,0.308,97.530
cand_2029,-9.231,-6.143,-15.373999999999999,-144.830,0.275,8.467,0.308,97.530
cand_1806,-8.75,-6.581,-15.331,-144.830,0.275,8.467,0.308,97.530
cand_1803,-9.359,-5.909,-15.268,-144.830,0.275,8.467,0.308,97.530
cand_567,-8.872,-6.042,-14.914,-144.830,0.275,8.467,0.308,97.530
cand_2219,-8.883,-5.873,-14.756,-144.830,0.275,8.467,0.308,97.530
cand_756,-9.899,-5.849,-15.748,-144.830,0.275,8.467,0.308,97.530
cand_646,-9.344,-6.184,-15.527999999999999,-144.830,0.275,8.467,0.308,97.530
cand_445,-9.111,-5.813,-14.924,-144.830,0.275,8.467,0.308,97.530
