vina_rank,molecule,canonical_smiles,vina_score_kcal_mol,best_haddock_score,best_model,models_scored,status
206,856,CCc1cc2c(c(CC)c1Br)C(=O)N(C1CCC(=O)NC1=O)C2=O,-8.844,-121.276,emscoring_17.pdb,20,completed
163,596,CCc1cc2c(c(Br)c1O)C(=O)N(C1CCC(=O)NC1=O)C2=O,-9.105,-120.383,emscoring_1.pdb,20,completed
203,387,CCc1c(O)cc2c(c1F)C(=O)N(C1CCC(=O)NC1=O)C2=O,-8.865,-120.231,emscoring_1.pdb,20,completed
193,956,CCc1cc2c(c(O)c1Br)C(=O)N(C1CCC(=O)NC1=O)C2=O,-8.92,-119.744,emscoring_1.pdb,20,completed
160,875,CCc1c(C)c(C)cc2c1C(=O)N(C1CCC(=O)NC1=O)C2=O,-9.115,-118.548,emscoring_15.pdb,20,completed
170,38,COc1ccc2c(c1Cl)C(=O)N(C1CCC(=O)NC1=O)C2=O,-9.074,-116.895,emscoring_19.pdb,20,completed
23,1267,N#Cc1c(I)c(O)cc2c1C(=O)N(C1CCC(=O)NC1=O)C2=O,-9.634,-115.498,emscoring_15.pdb,20,completed
215,317,CCc1cc2c(cc1O)C(=O)N(C1CCC(=O)NC1=O)C2=O,-8.742,-115.001,emscoring_11.pdb,20,completed
218,866,CCc1cc2c(c(CC)c1I)C(=O)N(C1CCC(=O)NC1=O)C2=O,-8.709,-114.449,emscoring_15.pdb,20,completed
111,477,Cc1c(O)cc2c(c1Cl)C(=O)N(C1CCC(=O)NC1=O)C2=O,-9.295,-113.052,emscoring_13.pdb,20,completed
169,583,CCc1c(Br)cc2c(c1Br)C(=O)N(C1CCC(=O)NC1=O)C2=O,-9.074,-112.207,emscoring_10.pdb,20,completed
187,936,CCc1cc2c(c(O)c1F)C(=O)N(C1CCC(=O)NC1=O)C2=O,-8.948,-112.061,emscoring_1.pdb,20,completed
207,983,CCc1c(Br)cc2c(c1O)C(=O)N(C1CCC(=O)NC1=O)C2=O,-8.83,-111.868,emscoring_10.pdb,20,completed
31,475,Cc1cc2c(c(Cl)c1C)C(=O)N(C1CCC(=O)NC1=O)C2=O,-9.6,-110.609,emscoring_7.pdb,20,completed
220,176,CCc1cc(CC)c2c(c1)C(=O)N(C1CCC(=O)NC1=O)C2=O,-8.654,-110.506,emscoring_16.pdb,20,completed
118,860,CCc1c(Br)c(C#N)cc2c1C(=O)N(C1CCC(=O)NC1=O)C2=O,-9.283,-108.774,emscoring_11.pdb,20,completed
25,754,Cc1c(Br)c(I)cc2c1C(=O)N(C1CCC(=O)NC1=O)C2=O,-9.626,-108.593,emscoring_16.pdb,20,completed
133,366,CCc1cc2c(c(F)c1I)C(=O)N(C1CCC(=O)NC1=O)C2=O,-9.213,-108.111,emscoring_10.pdb,20,completed
173,496,CCc1cc2c(c(Cl)c1O)C(=O)N(C1CCC(=O)NC1=O)C2=O,-9.055,-107.993,emscoring_4.pdb,20,completed
7,735,Cc1cc2c(c(C)c1F)C(=O)N(C1CCC(=O)NC1=O)C2=O,-9.775,-107.950,emscoring_10.pdb,20,completed
175,305,CCc1cc2c(cc1I)C(=O)N(C1CCC(=O)NC1=O)C2=O,-9.039,-107.906,emscoring_16.pdb,20,completed
180,71,CCc1c(F)ccc2c1C(=O)N(C1CCC(=O)NC1=O)C2=O,-9.02,-106.867,emscoring_10.pdb,20,completed
87,167,Cc1cc(O)cc2c1C(=O)N(C1CCC(=O)NC1=O)C2=O,-9.386,-105.967,emscoring_10.pdb,20,completed
248,337,O=C1CCC(N2C(=O)c3cc(O)c(F)c(F)c3C2=O)C(=O)N1,-8.331,-105.446,emscoring_11.pdb,20,completed
226,1323,N#Cc1c(Br)cc2c(c1C#N)C(=O)N(C1CCC(=O)NC1=O)C2=O,-8.586,-105.300,emscoring_2.pdb,20,completed
122,666,CCc1cc2c(c(I)c1I)C(=O)N(C1CCC(=O)NC1=O)C2=O,-9.273,-105.255,emscoring_10.pdb,20,completed
1,830,Cc1c(C#N)c(C#N)cc2c1C(=O)N(C1CCC(=O)NC1=O)C2=O,-9.883,-105.118,emscoring_18.pdb,20,completed
237,1330,N#Cc1cc2c(c(C#N)c1C#N)C(=O)N(C1CCC(=O)NC1=O)C2=O,-8.408,-104.979,emscoring_17.pdb,20,completed
167,8,COc1cccc2c1C(=O)N(C1CCC(=O)NC1=O)C2=O,-9.084,-104.936,emscoring_14.pdb,20,completed
241,773,Cc1c(Br)cc2c(c1C)C(=O)N(C1CCC(=O)NC1=O)C2=O,-8.365,-104.793,emscoring_10.pdb,20,completed
183,681,CCc1c(F)cc2c(c1I)C(=O)N(C1CCC(=O)NC1=O)C2=O,-9.001,-104.665,emscoring_10.pdb,20,completed
159,146,CCc1cc(Br)c2c(c1)C(=O)N(C1CCC(=O)NC1=O)C2=O,-9.116,-104.598,emscoring_10.pdb,20,completed
135,27,O=C1CCC(N2C(=O)c3ccc(O)c(F)c3C2=O)C(=O)N1,-9.208,-104.585,emscoring_4.pdb,20,completed
225,1253,N#Cc1c(Br)c(Br)cc2c1C(=O)N(C1CCC(=O)NC1=O)C2=O,-8.614,-104.410,emscoring_9.pdb,20,completed
120,495,Cc1cc2c(c(Cl)c1O)C(=O)N(C1CCC(=O)NC1=O)C2=O,-9.281,-104.365,emscoring_14.pdb,20,completed
155,178,CCc1cc(OC)cc2c1C(=O)N(C1CCC(=O)NC1=O)C2=O,-9.128,-103.379,emscoring_9.pdb,20,completed
13,775,Cc1cc2c(c(C)c1C)C(=O)N(C1CCC(=O)NC1=O)C2=O,-9.72,-103.346,emscoring_18.pdb,20,completed
171,878,CCc1c(C)c(OC)cc2c1C(=O)N(C1CCC(=O)NC1=O)C2=O,-9.067,-103.077,emscoring_18.pdb,20,completed
17,1300,N#Cc1cc2c(c(C#N)c1O)C(=O)N(C1CCC(=O)NC1=O)C2=O,-9.667,-103.053,emscoring_18.pdb,20,completed
96,153,O=C1CCC(N2C(=O)c3cc(Br)cc(I)c3C2=O)C(=O)N1,-9.362,-102.980,emscoring_9.pdb,20,completed
12,114,N#Cc1c(I)ccc2c1C(=O)N(C1CCC(=O)NC1=O)C2=O,-9.726,-102.356,emscoring_9.pdb,20,completed
68,180,CCc1cc(C#N)cc2c1C(=O)N(C1CCC(=O)NC1=O)C2=O,-9.452,-102.022,emscoring_4.pdb,20,completed
219,1263,N#Cc1c(I)c(Br)cc2c1C(=O)N(C1CCC(=O)NC1=O)C2=O,-8.656,-100.954,emscoring_9.pdb,20,completed
27,575,Cc1cc2c(c(Br)c1C)C(=O)N(C1CCC(=O)NC1=O)C2=O,-9.622,-100.888,emscoring_10.pdb,20,completed
223,1264,N#Cc1c(I)c(I)cc2c1C(=O)N(C1CCC(=O)NC1=O)C2=O,-8.627,-100.773,emscoring_9.pdb,20,completed
145,378,COc1cc2c(c(F)c1C)C(=O)N(C1CCC(=O)NC1=O)C2=O,-9.176,-100.611,emscoring_12.pdb,20,completed
146,870,CCc1c(I)c(C#N)cc2c1C(=O)N(C1CCC(=O)NC1=O)C2=O,-9.175,-100.241,emscoring_12.pdb,20,completed
231,340,N#Cc1cc2c(c(F)c1F)C(=O)N(C1CCC(=O)NC1=O)C2=O,-8.451,-100.040,emscoring_16.pdb,20,completed
32,343,O=C1CCC(N2C(=O)c3cc(Br)c(Cl)c(F)c3C2=O)C(=O)N1,-9.599,-99.780,emscoring_3.pdb,20,completed
131,466,CCc1cc2c(c(Cl)c1I)C(=O)N(C1CCC(=O)NC1=O)C2=O,-9.222,-99.754,emscoring_10.pdb,20,completed
85,143,O=C1CCC(N2C(=O)c3cc(Br)cc(Br)c3C2=O)C(=O)N1,-9.392,-99.623,emscoring_9.pdb,20,completed
221,220,N#Cc1cc(C#N)c2c(c1)C(=O)N(C1CCC(=O)NC1=O)C2=O,-8.653,-99.317,emscoring_15.pdb,20,completed
150,696,CCc1cc2c(c(I)c1O)C(=O)N(C1CCC(=O)NC1=O)C2=O,-9.16,-99.116,emscoring_2.pdb,20,completed
74,33,O=C1CCC(N2C(=O)c3ccc(Br)c(Cl)c3C2=O)C(=O)N1,-9.435,-99.084,emscoring_17.pdb,20,completed
227,20,N#Cc1ccc2c(c1)C(=O)N(C1CCC(=O)NC1=O)C2=O,-8.546,-99.026,emscoring_9.pdb,20,completed
132,965,Cc1cc2c(c(O)c1I)C(=O)N(C1CCC(=O)NC1=O)C2=O,-9.219,-98.842,emscoring_5.pdb,20,completed
222,1254,N#Cc1c(Br)c(I)cc2c1C(=O)N(C1CCC(=O)NC1=O)C2=O,-8.634,-98.823,emscoring_9.pdb,20,completed
151,177,CCc1cc(O)cc2c1C(=O)N(C1CCC(=O)NC1=O)C2=O,-9.148,-98.506,emscoring_16.pdb,20,completed
16,755,Cc1cc2c(c(C)c1Br)C(=O)N(C1CCC(=O)NC1=O)C2=O,-9.676,-98.365,emscoring_6.pdb,20,completed
130,990,CCc1c(C#N)cc2c(c1O)C(=O)N(C1CCC(=O)NC1=O)C2=O,-9.235,-98.201,emscoring_7.pdb,20,completed
30,1327,N#Cc1c(O)cc2c(c1C#N)C(=O)N(C1CCC(=O)NC1=O)C2=O,-9.604,-98.153,emscoring_1.pdb,20,completed
244,1275,Cc1cc2c(c(C#N)c1C)C(=O)N(C1CCC(=O)NC1=O)C2=O,-8.356,-98.002,emscoring_16.pdb,20,completed
224,400,N#Cc1cc2c(c(F)c1O)C(=O)N(C1CCC(=O)NC1=O)C2=O,-8.626,-97.536,emscoring_18.pdb,20,completed
41,335,Cc1cc2c(c(F)c1F)C(=O)N(C1CCC(=O)NC1=O)C2=O,-9.572,-97.482,emscoring_16.pdb,20,completed
50,354,O=C1CCC(N2C(=O)c3cc(I)c(Br)c(F)c3C2=O)C(=O)N1,-9.527,-97.089,emscoring_15.pdb,20,completed
112,578,COc1cc2c(c(Br)c1C)C(=O)N(C1CCC(=O)NC1=O)C2=O,-9.291,-97.030,emscoring_12.pdb,20,completed
45,364,O=C1CCC(N2C(=O)c3cc(I)c(I)c(F)c3C2=O)C(=O)N1,-9.547,-96.911,emscoring_16.pdb,20,completed
236,1295,Cc1cc2c(c(C#N)c1O)C(=O)N(C1CCC(=O)NC1=O)C2=O,-8.41,-96.757,emscoring_17.pdb,20,completed
86,677,Cc1c(O)cc2c(c1I)C(=O)N(C1CCC(=O)NC1=O)C2=O,-9.388,-96.415,emscoring_17.pdb,20,completed
164,73,CCc1c(Br)ccc2c1C(=O)N(C1CCC(=O)NC1=O)C2=O,-9.101,-95.994,emscoring_17.pdb,20,completed
166,74,CCc1c(I)ccc2c1C(=O)N(C1CCC(=O)NC1=O)C2=O,-9.091,-95.574,emscoring_16.pdb,20,completed
15,1257,N#Cc1c(Br)c(O)cc2c1C(=O)N(C1CCC(=O)NC1=O)C2=O,-9.689,-95.319,emscoring_17.pdb,20,completed
51,443,O=C1CCC(N2C(=O)c3cc(Br)c(Cl)c(Cl)c3C2=O)C(=O)N1,-9.522,-95.119,emscoring_12.pdb,20,completed
57,217,N#Cc1cc(O)cc2c1C(=O)N(C1CCC(=O)NC1=O)C2=O,-9.49,-95.116,emscoring_15.pdb,20,completed
249,321,O=C1CCC(N2C(=O)c3cc(O)c(O)cc3C2=O)C(=O)N1,-8.329,-94.279,emscoring_10.pdb,20,completed
240,1276,CCc1cc2c(c(C#N)c1C)C(=O)N(C1CCC(=O)NC1=O)C2=O,-8.374,-94.097,emscoring_14.pdb,20,completed
154,384,CCc1c(I)cc2c(c1F)C(=O)N(C1CCC(=O)NC1=O)C2=O,-9.13,-93.910,emscoring_10.pdb,20,completed
9,530,N#Cc1cc2c(c(Cl)c1C#N)C(=O)N(C1CCC(=O)NC1=O)C2=O,-9.756,-93.827,emscoring_6.pdb,20,completed
5,730,N#Cc1cc2c(c(I)c1C#N)C(=O)N(C1CCC(=O)NC1=O)C2=O,-9.791,-93.703,emscoring_11.pdb,20,completed
194,884,CCc1c(I)cc2c(c1CC)C(=O)N(C1CCC(=O)NC1=O)C2=O,-8.918,-93.636,emscoring_10.pdb,20,completed
243,1328,COc1cc2c(c(C#N)c1C#N)C(=O)N(C1CCC(=O)NC1=O)C2=O,-8.359,-93.295,emscoring_20.pdb,20,completed
242,330,N#Cc1cc2c(cc1C#N)C(=O)N(C1CCC(=O)NC1=O)C2=O,-8.359,-92.992,emscoring_4.pdb,20,completed
228,163,Cc1cc(Br)cc2c1C(=O)N(C1CCC(=O)NC1=O)C2=O,-8.522,-92.876,emscoring_3.pdb,20,completed
108,57,O=C1CCC(N2C(=O)c3ccc(O)c(I)c3C2=O)C(=O)N1,-9.311,-92.141,emscoring_16.pdb,20,completed
98,7,O=C1CCC(N2C(=O)c3cccc(O)c3C2=O)C(=O)N1,-9.355,-92.045,emscoring_16.pdb,20,completed
107,678,COc1cc2c(c(I)c1C)C(=O)N(C1CCC(=O)NC1=O)C2=O,-9.319,-91.477,emscoring_12.pdb,20,completed
129,16,CCc1ccc2c(c1)C(=O)N(C1CCC(=O)NC1=O)C2=O,-9.238,-91.357,emscoring_11.pdb,20,completed
37,664,O=C1CCC(N2C(=O)c3cc(I)c(I)c(I)c3C2=O)C(=O)N1,-9.584,-91.086,emscoring_9.pdb,20,completed
84,534,O=C1CCC(N2C(=O)c3cc(I)c(F)c(Br)c3C2=O)C(=O)N1,-9.393,-90.950,emscoring_9.pdb,20,completed
172,483,CCc1c(Br)cc2c(c1Cl)C(=O)N(C1CCC(=O)NC1=O)C2=O,-9.066,-90.421,emscoring_14.pdb,20,completed
82,535,Cc1cc2c(c(Br)c1F)C(=O)N(C1CCC(=O)NC1=O)C2=O,-9.403,-90.387,emscoring_14.pdb,20,completed
126,6,CCc1cccc2c1C(=O)N(C1CCC(=O)NC1=O)C2=O,-9.253,-90.121,emscoring_2.pdb,20,completed
232,680,Cc1c(C#N)cc2c(c1I)C(=O)N(C1CCC(=O)NC1=O)C2=O,-8.439,-90.079,emscoring_11.pdb,20,completed
93,653,O=C1CCC(N2C(=O)c3cc(Br)c(Br)c(I)c3C2=O)C(=O)N1,-9.372,-89.880,emscoring_9.pdb,20,completed
104,154,O=C1CCC(N2C(=O)c3cc(I)cc(I)c3C2=O)C(=O)N1,-9.332,-89.822,emscoring_2.pdb,20,completed
58,880,CCc1c(C)c(C#N)cc2c1C(=O)N(C1CCC(=O)NC1=O)C2=O,-9.49,-89.559,emscoring_14.pdb,20,completed
33,375,Cc1cc2c(c(F)c1C)C(=O)N(C1CCC(=O)NC1=O)C2=O,-9.598,-89.543,emscoring_12.pdb,20,completed
128,3,O=C1CCC(N2C(=O)c3cccc(Br)c3C2=O)C(=O)N1,-9.246,-89.211,emscoring_9.pdb,20,completed
11,430,N#Cc1cc2c(c(F)c1C#N)C(=O)N(C1CCC(=O)NC1=O)C2=O,-9.73,-89.173,emscoring_4.pdb,20,completed
201,58,COc1ccc2c(c1I)C(=O)N(C1CCC(=O)NC1=O)C2=O,-8.879,-88.821,emscoring_12.pdb,20,completed
105,15,Cc1ccc2c(c1)C(=O)N(C1CCC(=O)NC1=O)C2=O,-9.329,-88.739,emscoring_3.pdb,20,completed
14,1030,N#Cc1cc2c(c(O)c1C#N)C(=O)N(C1CCC(=O)NC1=O)C2=O,-9.707,-88.695,emscoring_8.pdb,20,completed
36,441,O=C1CCC(N2C(=O)c3cc(F)c(Cl)c(Cl)c3C2=O)C(=O)N1,-9.59,-88.674,emscoring_9.pdb,20,completed
6,630,N#Cc1cc2c(c(Br)c1C#N)C(=O)N(C1CCC(=O)NC1=O)C2=O,-9.79,-88.086,emscoring_18.pdb,20,completed
61,543,O=C1CCC(N2C(=O)c3cc(Br)c(Cl)c(Br)c3C2=O)C(=O)N1,-9.475,-88.012,emscoring_9.pdb,20,completed
195,883,CCc1c(Br)cc2c(c1CC)C(=O)N(C1CCC(=O)NC1=O)C2=O,-8.916,-87.931,emscoring_2.pdb,20,completed
78,533,O=C1CCC(N2C(=O)c3cc(Br)c(F)c(Br)c3C2=O)C(=O)N1,-9.415,-87.891,emscoring_9.pdb,20,completed
205,876,CCc1cc2c(c(CC)c1C)C(=O)N(C1CCC(=O)NC1=O)C2=O,-8.854,-87.618,emscoring_10.pdb,20,completed
233,150,N#Cc1cc(Br)c2c(c1)C(=O)N(C1CCC(=O)NC1=O)C2=O,-8.428,-87.455,emscoring_6.pdb,20,completed
119,955,Cc1cc2c(c(O)c1Br)C(=O)N(C1CCC(=O)NC1=O)C2=O,-9.283,-87.334,emscoring_19.pdb,20,completed
38,355,Cc1cc2c(c(F)c1Br)C(=O)N(C1CCC(=O)NC1=O)C2=O,-9.583,-87.321,emscoring_16.pdb,20,completed
62,462,O=C1CCC(N2C(=O)c3cc(Cl)c(I)c(Cl)c3C2=O)C(=O)N1,-9.475,-87.319,emscoring_9.pdb,20,completed
52,117,N#Cc1c(O)ccc2c1C(=O)N(C1CCC(=O)NC1=O)C2=O,-9.516,-87.264,emscoring_14.pdb,20,completed
179,977,Cc1c(O)cc2c(c1O)C(=O)N(C1CCC(=O)NC1=O)C2=O,-9.024,-87.264,emscoring_5.pdb,20,completed
114,828,COc1cc2c(c(C)c1C#N)C(=O)N(C1CCC(=O)NC1=O)C2=O,-9.289,-87.213,emscoring_9.pdb,20,completed
22,980,Cc1c(C#N)cc2c(c1O)C(=O)N(C1CCC(=O)NC1=O)C2=O,-9.635,-87.096,emscoring_5.pdb,20,completed
46,63,Cc1c(Br)ccc2c1C(=O)N(C1CCC(=O)NC1=O)C2=O,-9.542,-86.913,emscoring_3.pdb,20,completed
184,687,CCc1c(O)cc2c(c1I)C(=O)N(C1CCC(=O)NC1=O)C2=O,-8.959,-86.555,emscoring_11.pdb,20,completed
157,758,COc1cc2c(c(C)c1Br)C(=O)N(C1CCC(=O)NC1=O)C2=O,-9.123,-86.487,emscoring_12.pdb,20,completed
73,433,O=C1CCC(N2C(=O)c3cc(Br)c(F)c(Cl)c3C2=O)C(=O)N1,-9.438,-86.438,emscoring_9.pdb,20,completed
79,171,CCc1cc(F)cc2c1C(=O)N(C1CCC(=O)NC1=O)C2=O,-9.406,-86.310,emscoring_9.pdb,20,completed
34,663,O=C1CCC(N2C(=O)c3cc(Br)c(I)c(I)c3C2=O)C(=O)N1,-9.594,-86.155,emscoring_6.pdb,20,completed
110,296,O=C1CCC(N2C(=O)c3cc(Br)c(I)cc3C2=O)C(=O)N1,-9.309,-85.941,emscoring_4.pdb,20,completed
165,484,CCc1c(I)cc2c(c1Cl)C(=O)N(C1CCC(=O)NC1=O)C2=O,-9.096,-85.866,emscoring_11.pdb,20,completed
199,17,O=C1CCC(N2C(=O)c3ccc(O)cc3C2=O)C(=O)N1,-8.901,-85.814,emscoring_10.pdb,20,completed
35,1278,COc1cc2c(c(C#N)c1C)C(=O)N(C1CCC(=O)NC1=O)C2=O,-9.594,-85.769,emscoring_20.pdb,20,completed
72,1027,N#Cc1c(O)cc2c(c1O)C(=O)N(C1CCC(=O)NC1=O)C2=O,-9.439,-85.689,emscoring_19.pdb,20,completed
44,763,Cc1c(I)c(Br)cc2c1C(=O)N(C1CCC(=O)NC1=O)C2=O,-9.551,-85.661,emscoring_10.pdb,20,completed
106,790,CCc1c(C#N)cc2c(c1C)C(=O)N(C1CCC(=O)NC1=O)C2=O,-9.325,-85.613,emscoring_10.pdb,20,completed
217,1324,N#Cc1c(I)cc2c(c1C#N)C(=O)N(C1CCC(=O)NC1=O)C2=O,-8.712,-85.597,emscoring_18.pdb,20,completed
94,216,CCc1cc(C#N)c2c(c1)C(=O)N(C1CCC(=O)NC1=O)C2=O,-9.372,-85.549,emscoring_10.pdb,20,completed
141,173,CCc1cc(Br)cc2c1C(=O)N(C1CCC(=O)NC1=O)C2=O,-9.181,-85.541,emscoring_10.pdb,20,completed
158,28,COc1ccc2c(c1F)C(=O)N(C1CCC(=O)NC1=O)C2=O,-9.119,-85.522,emscoring_12.pdb,20,completed
28,753,Cc1c(Br)c(Br)cc2c1C(=O)N(C1CCC(=O)NC1=O)C2=O,-9.61,-85.463,emscoring_11.pdb,20,completed
103,141,O=C1CCC(N2C(=O)c3cc(F)cc(Br)c3C2=O)C(=O)N1,-9.337,-85.119,emscoring_9.pdb,20,completed
55,463,O=C1CCC(N2C(=O)c3cc(Br)c(I)c(Cl)c3C2=O)C(=O)N1,-9.492,-84.958,emscoring_3.pdb,20,completed
100,865,CCc1c(I)c(C)cc2c1C(=O)N(C1CCC(=O)NC1=O)C2=O,-9.353,-84.691,emscoring_4.pdb,20,completed
214,318,CCc1cc2c(cc1OC)C(=O)N(C1CCC(=O)NC1=O)C2=O,-8.751,-84.570,emscoring_11.pdb,20,completed
101,303,O=C1CCC(N2C(=O)c3cc(I)c(I)cc3C2=O)C(=O)N1,-9.35,-84.495,emscoring_12.pdb,20,completed
238,85,Cc1ccc2c(c1O)C(=O)N(C1CCC(=O)NC1=O)C2=O,-8.403,-84.482,emscoring_5.pdb,20,completed
127,200,COc1cc(C#N)cc2c1C(=O)N(C1CCC(=O)NC1=O)C2=O,-9.253,-83.712,emscoring_16.pdb,20,completed
40,442,O=C1CCC(N2C(=O)c3cc(Cl)c(Cl)c(Cl)c3C2=O)C(=O)N1,-9.574,-83.699,emscoring_14.pdb,20,completed
81,544,O=C1CCC(N2C(=O)c3cc(I)c(Cl)c(Br)c3C2=O)C(=O)N1,-9.403,-83.500,emscoring_9.pdb,20,completed
47,1291,N#Cc1c(O)c(F)cc2c1C(=O)N(C1CCC(=O)NC1=O)C2=O,-9.542,-83.248,emscoring_20.pdb,20,completed
147,172,CCc1cc(Cl)cc2c1C(=O)N(C1CCC(=O)NC1=O)C2=O,-9.171,-83.208,emscoring_9.pdb,20,completed
182,946,CCc1cc2c(c(O)c1Cl)C(=O)N(C1CCC(=O)NC1=O)C2=O,-9.003,-83.084,emscoring_1.pdb,20,completed
148,766,CCc1cc2c(c(C)c1I)C(=O)N(C1CCC(=O)NC1=O)C2=O,-9.165,-82.904,emscoring_5.pdb,20,completed
83,554,O=C1CCC(N2C(=O)c3cc(I)c(Br)c(Br)c3C2=O)C(=O)N1,-9.394,-82.675,emscoring_14.pdb,20,completed
191,796,CCc1cc2c(c(C)c1O)C(=O)N(C1CCC(=O)NC1=O)C2=O,-8.929,-82.636,emscoring_6.pdb,20,completed
42,333,O=C1CCC(N2C(=O)c3cc(Br)c(F)c(F)c3C2=O)C(=O)N1,-9.569,-82.483,emscoring_15.pdb,20,completed
48,334,O=C1CCC(N2C(=O)c3cc(I)c(F)c(F)c3C2=O)C(=O)N1,-9.534,-82.482,emscoring_4.pdb,20,completed
2,113,N#Cc1c(Br)ccc2c1C(=O)N(C1CCC(=O)NC1=O)C2=O,-9.806,-82.423,emscoring_9.pdb,20,completed
136,320,CCc1cc2c(cc1C#N)C(=O)N(C1CCC(=O)NC1=O)C2=O,-9.203,-82.407,emscoring_9.pdb,20,completed
143,14,O=C1CCC(N2C(=O)c3ccc(I)cc3C2=O)C(=O)N1,-9.179,-82.145,emscoring_19.pdb,20,completed
196,487,CCc1c(O)cc2c(c1Cl)C(=O)N(C1CCC(=O)NC1=O)C2=O,-8.915,-81.960,emscoring_10.pdb,20,completed
198,196,CCc1cc(OC)c2c(c1)C(=O)N(C1CCC(=O)NC1=O)C2=O,-8.907,-81.872,emscoring_16.pdb,20,completed
190,881,CCc1c(F)cc2c(c1CC)C(=O)N(C1CCC(=O)NC1=O)C2=O,-8.93,-81.844,emscoring_4.pdb,20,completed
56,764,Cc1c(I)c(I)cc2c1C(=O)N(C1CCC(=O)NC1=O)C2=O,-9.491,-81.778,emscoring_14.pdb,20,completed
174,298,CCc1cc2c(cc1Br)C(=O)N(C1CCC(=O)NC1=O)C2=O,-9.051,-81.777,emscoring_10.pdb,20,completed
178,186,CCc1cc(O)c2c(c1)C(=O)N(C1CCC(=O)NC1=O)C2=O,-9.029,-81.757,emscoring_12.pdb,20,completed
208,966,CCc1cc2c(c(O)c1I)C(=O)N(C1CCC(=O)NC1=O)C2=O,-8.826,-81.717,emscoring_12.pdb,20,completed
10,733,Cc1c(F)c(Br)cc2c1C(=O)N(C1CCC(=O)NC1=O)C2=O,-9.748,-81.680,emscoring_12.pdb,20,completed
71,777,Cc1c(O)cc2c(c1C)C(=O)N(C1CCC(=O)NC1=O)C2=O,-9.44,-81.668,emscoring_5.pdb,20,completed
115,118,COc1ccc2c(c1C#N)C(=O)N(C1CCC(=O)NC1=O)C2=O,-9.288,-81.450,emscoring_16.pdb,20,completed
140,748,COc1cc2c(c(C)c1Cl)C(=O)N(C1CCC(=O)NC1=O)C2=O,-9.186,-81.163,emscoring_10.pdb,20,completed
230,1025,Cc1cc2c(c(O)c1C#N)C(=O)N(C1CCC(=O)NC1=O)C2=O,-8.47,-80.809,emscoring_12.pdb,20,completed
49,541,O=C1CCC(N2C(=O)c3cc(F)c(Cl)c(Br)c3C2=O)C(=O)N1,-9.533,-80.765,emscoring_8.pdb,20,completed
246,537,O=C1CCC(N2C(=O)c3cc(O)c(F)c(Br)c3C2=O)C(=O)N1,-8.345,-80.732,emscoring_9.pdb,20,completed
181,148,COc1cc(Br)c2c(c1)C(=O)N(C1CCC(=O)NC1=O)C2=O,-9.013,-80.713,emscoring_16.pdb,20,completed
91,142,O=C1CCC(N2C(=O)c3cc(Cl)cc(Br)c3C2=O)C(=O)N1,-9.381,-80.445,emscoring_5.pdb,20,completed
19,675,Cc1cc2c(c(I)c1C)C(=O)N(C1CCC(=O)NC1=O)C2=O,-9.651,-80.439,emscoring_12.pdb,20,completed
123,1297,N#Cc1c(O)c(O)cc2c1C(=O)N(C1CCC(=O)NC1=O)C2=O,-9.263,-80.416,emscoring_19.pdb,20,completed
197,587,CCc1c(O)cc2c(c1Br)C(=O)N(C1CCC(=O)NC1=O)C2=O,-8.914,-80.150,emscoring_15.pdb,20,completed
139,736,CCc1cc2c(c(C)c1F)C(=O)N(C1CCC(=O)NC1=O)C2=O,-9.191,-80.141,emscoring_5.pdb,20,completed
80,44,O=C1CCC(N2C(=O)c3ccc(I)c(Br)c3C2=O)C(=O)N1,-9.404,-80.004,emscoring_14.pdb,20,completed
92,641,O=C1CCC(N2C(=O)c3cc(F)c(Cl)c(I)c3C2=O)C(=O)N1,-9.381,-79.984,emscoring_8.pdb,20,completed
20,1326,CCc1cc2c(c(C#N)c1C#N)C(=O)N(C1CCC(=O)NC1=O)C2=O,-9.65,-79.857,emscoring_11.pdb,20,completed
66,464,O=C1CCC(N2C(=O)c3cc(I)c(I)c(Cl)c3C2=O)C(=O)N1,-9.457,-79.817,emscoring_6.pdb,20,completed
250,12,O=C1CCC(N2C(=O)c3ccc(Cl)cc3C2=O)C(=O)N1,-8.329,-79.745,emscoring_8.pdb,20,completed
186,996,CCc1cc2c(c(O)c1O)C(=O)N(C1CCC(=O)NC1=O)C2=O,-8.958,-79.588,emscoring_1.pdb,20,completed
153,192,COc1cc(Cl)cc2c1C(=O)N(C1CCC(=O)NC1=O)C2=O,-9.141,-79.506,emscoring_19.pdb,20,completed
64,553,O=C1CCC(N2C(=O)c3cc(Br)c(Br)c(Br)c3C2=O)C(=O)N1,-9.469,-79.387,emscoring_14.pdb,20,completed
60,935,Cc1cc2c(c(O)c1F)C(=O)N(C1CCC(=O)NC1=O)C2=O,-9.476,-79.368,emscoring_10.pdb,20,completed
162,1296,CCc1cc2c(c(C#N)c1O)C(=O)N(C1CCC(=O)NC1=O)C2=O,-9.109,-79.175,emscoring_11.pdb,20,completed
189,48,COc1ccc2c(c1Br)C(=O)N(C1CCC(=O)NC1=O)C2=O,-8.941,-79.062,emscoring_1.pdb,20,completed
149,306,O=C1CCC(N2C(=O)c3cc(O)c(I)cc3C2=O)C(=O)N1,-9.16,-78.929,emscoring_9.pdb,20,completed
43,453,O=C1CCC(N2C(=O)c3cc(Br)c(Br)c(Cl)c3C2=O)C(=O)N1,-9.564,-78.887,emscoring_14.pdb,20,completed
245,795,Cc1cc2c(c(C)c1O)C(=O)N(C1CCC(=O)NC1=O)C2=O,-8.355,-78.861,emscoring_1.pdb,20,completed
212,683,CCc1c(Br)cc2c(c1I)C(=O)N(C1CCC(=O)NC1=O)C2=O,-8.791,-78.641,emscoring_7.pdb,20,completed
39,344,O=C1CCC(N2C(=O)c3cc(I)c(Cl)c(F)c3C2=O)C(=O)N1,-9.576,-78.550,emscoring_11.pdb,20,completed
124,37,O=C1CCC(N2C(=O)c3ccc(O)c(Cl)c3C2=O)C(=O)N1,-9.262,-78.534,emscoring_2.pdb,20,completed
125,644,O=C1CCC(N2C(=O)c3cc(I)c(Cl)c(I)c3C2=O)C(=O)N1,-9.259,-78.252,emscoring_9.pdb,20,completed
21,654,O=C1CCC(N2C(=O)c3cc(I)c(Br)c(I)c3C2=O)C(=O)N1,-9.637,-77.813,emscoring_4.pdb,20,completed
67,434,O=C1CCC(N2C(=O)c3cc(I)c(F)c(Cl)c3C2=O)C(=O)N1,-9.454,-77.753,emscoring_3.pdb,20,completed
152,194,COc1cc(I)cc2c1C(=O)N(C1CCC(=O)NC1=O)C2=O,-9.147,-77.370,emscoring_16.pdb,20,completed
29,363,O=C1CCC(N2C(=O)c3cc(Br)c(I)c(F)c3C2=O)C(=O)N1,-9.607,-77.361,emscoring_14.pdb,20,completed
168,174,CCc1cc(I)cc2c1C(=O)N(C1CCC(=O)NC1=O)C2=O,-9.078,-77.323,emscoring_11.pdb,20,completed
54,827,Cc1c(C#N)c(O)cc2c1C(=O)N(C1CCC(=O)NC1=O)C2=O,-9.501,-77.316,emscoring_14.pdb,20,completed
204,396,CCc1cc2c(c(F)c1O)C(=O)N(C1CCC(=O)NC1=O)C2=O,-8.86,-77.256,emscoring_2.pdb,20,completed
234,1298,COc1cc2c(c(C#N)c1O)C(=O)N(C1CCC(=O)NC1=O)C2=O,-8.419,-77.220,emscoring_15.pdb,20,completed
138,197,COc1cc(O)cc2c1C(=O)N(C1CCC(=O)NC1=O)C2=O,-9.198,-77.119,emscoring_16.pdb,20,completed
88,855,CCc1c(Br)c(C)cc2c1C(=O)N(C1CCC(=O)NC1=O)C2=O,-9.386,-76.799,emscoring_8.pdb,20,completed
142,383,CCc1c(Br)cc2c(c1F)C(=O)N(C1CCC(=O)NC1=O)C2=O,-9.18,-76.694,emscoring_9.pdb,20,completed
239,90,N#Cc1ccc2c(c1O)C(=O)N(C1CCC(=O)NC1=O)C2=O,-8.397,-76.606,emscoring_10.pdb,20,completed
24,342,O=C1CCC(N2C(=O)c3cc(Cl)c(Cl)c(F)c3C2=O)C(=O)N1,-9.628,-76.542,emscoring_20.pdb,20,completed
8,745,Cc1cc2c(c(C)c1Cl)C(=O)N(C1CCC(=O)NC1=O)C2=O,-9.764,-76.310,emscoring_11.pdb,20,completed
176,68,COc1ccc2c(c1C)C(=O)N(C1CCC(=O)NC1=O)C2=O,-9.039,-76.142,emscoring_13.pdb,20,completed
65,454,O=C1CCC(N2C(=O)c3cc(I)c(Br)c(Cl)c3C2=O)C(=O)N1,-9.46,-76.095,emscoring_3.pdb,20,completed
137,768,COc1cc2c(c(C)c1I)C(=O)N(C1CCC(=O)NC1=O)C2=O,-9.202,-75.949,emscoring_15.pdb,20,completed
97,863,CCc1c(I)c(Br)cc2c1C(=O)N(C1CCC(=O)NC1=O)C2=O,-9.359,-75.803,emscoring_16.pdb,20,completed
247,427,N#Cc1c(O)cc2c(c1F)C(=O)N(C1CCC(=O)NC1=O)C2=O,-8.333,-75.437,emscoring_6.pdb,20,completed
210,684,CCc1c(I)cc2c(c1I)C(=O)N(C1CCC(=O)NC1=O)C2=O,-8.809,-75.398,emscoring_11.pdb,20,completed
188,584,CCc1c(I)cc2c(c1Br)C(=O)N(C1CCC(=O)NC1=O)C2=O,-8.946,-75.340,emscoring_18.pdb,20,completed
117,661,O=C1CCC(N2C(=O)c3cc(F)c(I)c(I)c3C2=O)C(=O)N1,-9.284,-75.308,emscoring_11.pdb,20,completed
209,786,CCc1cc2c(c(C)c1CC)C(=O)N(C1CCC(=O)NC1=O)C2=O,-8.81,-75.024,emscoring_9.pdb,20,completed
3,1274,Cc1c(I)cc2c(c1C#N)C(=O)N(C1CCC(=O)NC1=O)C2=O,-9.8,-74.198,emscoring_2.pdb,20,completed
213,887,CCc1c(O)cc2c(c1CC)C(=O)N(C1CCC(=O)NC1=O)C2=O,-8.771,-73.959,emscoring_18.pdb,20,completed
70,45,Cc1ccc2c(c1Br)C(=O)N(C1CCC(=O)NC1=O)C2=O,-9.448,-73.786,emscoring_4.pdb,20,completed
156,482,CCc1c(Cl)cc2c(c1Cl)C(=O)N(C1CCC(=O)NC1=O)C2=O,-9.128,-73.769,emscoring_9.pdb,20,completed
235,995,Cc1cc2c(c(O)c1O)C(=O)N(C1CCC(=O)NC1=O)C2=O,-8.414,-73.612,emscoring_15.pdb,20,completed
69,181,O=C1CCC(N2C(=O)c3cc(F)cc(O)c3C2=O)C(=O)N1,-9.449,-73.407,emscoring_6.pdb,20,completed
211,322,COc1cc2c(cc1O)C(=O)N(C1CCC(=O)NC1=O)C2=O,-8.793,-73.101,emscoring_2.pdb,20,completed
63,1277,Cc1c(O)cc2c(c1C#N)C(=O)N(C1CCC(=O)NC1=O)C2=O,-9.473,-73.077,emscoring_7.pdb,20,completed
76,635,Cc1cc2c(c(I)c1F)C(=O)N(C1CCC(=O)NC1=O)C2=O,-9.424,-72.906,emscoring_3.pdb,20,completed
109,1026,CCc1cc2c(c(O)c1C#N)C(=O)N(C1CCC(=O)NC1=O)C2=O,-9.31,-72.712,emscoring_3.pdb,20,completed
4,743,Cc1c(Cl)c(Br)cc2c1C(=O)N(C1CCC(=O)NC1=O)C2=O,-9.794,-72.439,emscoring_1.pdb,20,completed
99,67,Cc1c(O)ccc2c1C(=O)N(C1CCC(=O)NC1=O)C2=O,-9.355,-72.250,emscoring_14.pdb,20,completed
75,874,CCc1c(C)c(I)cc2c1C(=O)N(C1CCC(=O)NC1=O)C2=O,-9.431,-72.077,emscoring_16.pdb,20,completed
18,341,O=C1CCC(N2C(=O)c3cc(F)c(Cl)c(F)c3C2=O)C(=O)N1,-9.666,-71.563,emscoring_16.pdb,20,completed
216,998,COc1cc2c(c(O)c1O)C(=O)N(C1CCC(=O)NC1=O)C2=O,-8.715,-71.312,emscoring_11.pdb,20,completed
144,312,Cc1cc2c(cc1O)C(=O)N(C1CCC(=O)NC1=O)C2=O,-9.178,-71.118,emscoring_14.pdb,20,completed
161,581,CCc1c(F)cc2c(c1Br)C(=O)N(C1CCC(=O)NC1=O)C2=O,-9.115,-71.049,emscoring_20.pdb,20,completed
89,295,O=C1CCC(N2C(=O)c3cc(Br)c(Br)cc3C2=O)C(=O)N1,-9.382,-70.791,emscoring_3.pdb,20,completed
113,47,O=C1CCC(N2C(=O)c3ccc(O)c(Br)c3C2=O)C(=O)N1,-9.289,-70.318,emscoring_2.pdb,20,completed
95,34,O=C1CCC(N2C(=O)c3ccc(I)c(Cl)c3C2=O)C(=O)N1,-9.369,-69.675,emscoring_14.pdb,20,completed
53,542,O=C1CCC(N2C(=O)c3cc(Cl)c(Cl)c(Br)c3C2=O)C(=O)N1,-9.502,-69.668,emscoring_16.pdb,20,completed
116,119,N#Cc1c(N)ccc2c1C(=O)N(C1CCC(=O)NC1=O)C2=O,-9.288,-69.492,emscoring_6.pdb,20,completed
90,634,O=C1CCC(N2C(=O)c3cc(I)c(F)c(I)c3C2=O)C(=O)N1,-9.381,-68.269,emscoring_11.pdb,20,completed
102,577,Cc1c(O)cc2c(c1Br)C(=O)N(C1CCC(=O)NC1=O)C2=O,-9.35,-68.094,emscoring_19.pdb,20,completed
26,353,O=C1CCC(N2C(=O)c3cc(Br)c(Br)c(F)c3C2=O)C(=O)N1,-9.623,-67.641,emscoring_3.pdb,20,completed
59,64,Cc1c(I)ccc2c1C(=O)N(C1CCC(=O)NC1=O)C2=O,-9.478,-67.451,emscoring_19.pdb,20,completed
77,633,O=C1CCC(N2C(=O)c3cc(Br)c(F)c(I)c3C2=O)C(=O)N1,-9.421,-65.206,emscoring_4.pdb,20,completed
121,377,Cc1c(O)cc2c(c1F)C(=O)N(C1CCC(=O)NC1=O)C2=O,-9.278,-65.015,emscoring_10.pdb,20,completed
134,11,O=C1CCC(N2C(=O)c3ccc(F)cc3C2=O)C(=O)N1,-9.21,-64.001,emscoring_7.pdb,20,completed
229,13,O=C1CCC(N2C(=O)c3ccc(Br)cc3C2=O)C(=O)N1,-8.485,-60.607,emscoring_20.pdb,20,completed
177,9,Nc1cccc2c1C(=O)N(C1CCC(=O)NC1=O)C2=O,-9.033,,,0,failed_haddock
185,1213,Nc1c(Br)cc2c(c1N)C(=O)N(C1CCC(=O)NC1=O)C2=O,-8.959,,,0,failed_haddock
192,1214,Nc1c(I)cc2c(c1N)C(=O)N(C1CCC(=O)NC1=O)C2=O,-8.927,,,0,failed_haddock
200,1219,Nc1cc2c(c(N)c1N)C(=O)N(C1CCC(=O)NC1=O)C2=O,-8.901,,,0,failed_haddock
202,107,Nc1c(O)ccc2c1C(=O)N(C1CCC(=O)NC1=O)C2=O,-8.878,,,0,failed_haddock
