haddock_rank,guided_selection_rank,vina_rank,molecule,canonical_smiles,rf_active_probability,vina_score_kcal_mol,pocket_centroid_distance_angstrom,ppil4_min_distance_angstrom,composite_pre_haddock_score,max_similarity_to_other_selected,models_scored,best_haddock_score,mean_best_10_haddock_score,sd_best_10_haddock_score,median_haddock_score,worst_haddock_score,batch_status,started_at,finished_at,elapsed_minutes,return_code,guided_config,run_directory,launcher_log
1,23,116,119,N#Cc1c(N)ccc2c1C(=O)N(C1CCC(=O)NC1=O)C2=O,0.974,-9.288,1.167,2.3335093743115785,0.4577730619517498,0.7115384615384616,200,-359.491,-341.094,6.723,-324.986,-315.332,complete,2026-07-26T04:35:53,2026-07-26T05:01:47,25.90,0,haddock3_ternary/guided_ppil4_9DWV/rank116_molecule_119/guided_ppil4_haddock.cfg,haddock3_ternary/guided_ppil4_9DWV/rank116_molecule_119/run,haddock3_ternary/guided_ppil4_9DWV/rank116_molecule_119/guided_haddock_launcher.log
2,5,126,6,CCc1cccc2c1C(=O)N(C1CCC(=O)NC1=O)C2=O,0.982,-9.253,1.119,2.565077971524434,0.5918579563409909,0.7111111111111111,200,-357.535,-341.035,8.421,-321.583,-314.092,complete,2026-07-25T23:02:01,2026-07-25T23:27:38,25.62,0,haddock3_ternary/guided_ppil4_9DWV/rank126_molecule_6/guided_ppil4_haddock.cfg,haddock3_ternary/guided_ppil4_9DWV/rank126_molecule_6/run,haddock3_ternary/guided_ppil4_9DWV/rank126_molecule_6/guided_haddock_launcher.log
3,8,98,7,O=C1CCC(N2C(=O)c3cccc(O)c3C2=O)C(=O)N1,0.988,-9.355,1.489,2.256656597712634,0.6076387350936061,0.7441860465116279,200,-359.505,-339.685,6.968,-321.380,-312.007,complete,2026-07-26T00:18:55,2026-07-26T00:44:13,25.30,0,haddock3_ternary/guided_ppil4_9DWV/rank098_molecule_7/guided_ppil4_haddock.cfg,haddock3_ternary/guided_ppil4_9DWV/rank098_molecule_7/run,haddock3_ternary/guided_ppil4_9DWV/rank098_molecule_7/guided_haddock_launcher.log
4,21,79,171,CCc1cc(F)cc2c1C(=O)N(C1CCC(=O)NC1=O)C2=O,0.976,-9.406,1.189,2.1256787151401757,0.4966208522034721,0.7083333333333334,200,-356.861,-338.498,6.656,-322.981,-314.757,complete,2026-07-26T03:44:01,2026-07-26T04:09:54,25.88,0,haddock3_ternary/guided_ppil4_9DWV/rank079_molecule_171/guided_ppil4_haddock.cfg,haddock3_ternary/guided_ppil4_9DWV/rank079_molecule_171/run,haddock3_ternary/guided_ppil4_9DWV/rank079_molecule_171/guided_haddock_launcher.log
5,6,135,27,O=C1CCC(N2C(=O)c3ccc(O)c(F)c3C2=O)C(=O)N1,0.986,-9.208,1.11,2.517859805469712,0.6376313307845988,0.7555555555555555,200,-359.043,-337.327,7.730,-320.575,-310.828,complete,2026-07-25T23:27:38,2026-07-25T23:53:34,25.93,0,haddock3_ternary/guided_ppil4_9DWV/rank135_molecule_27/guided_ppil4_haddock.cfg,haddock3_ternary/guided_ppil4_9DWV/rank135_molecule_27/run,haddock3_ternary/guided_ppil4_9DWV/rank135_molecule_27/guided_haddock_launcher.log
6,2,199,17,O=C1CCC(N2C(=O)c3ccc(O)cc3C2=O)C(=O)N1,0.994,-8.901,0.923,2.1066791402584353,0.6866054122030075,0.7317073170731707,200,-338.674,-337.245,0.696,-321.787,-312.749,complete,2026-07-25T22:11:20,2026-07-25T22:36:37,25.28,0,haddock3_ternary/guided_ppil4_9DWV/rank199_molecule_17/guided_ppil4_haddock.cfg,haddock3_ternary/guided_ppil4_9DWV/rank199_molecule_17/run,haddock3_ternary/guided_ppil4_9DWV/rank199_molecule_17/guided_haddock_launcher.log
7,15,143,14,O=C1CCC(N2C(=O)c3ccc(I)cc3C2=O)C(=O)N1,0.986,-9.179,1.426,2.2858409830957007,0.5497740744010022,0.7317073170731707,200,-339.911,-337.066,1.515,-321.496,-312.249,complete,2026-07-26T02:25:54,2026-07-26T02:52:06,26.20,0,haddock3_ternary/guided_ppil4_9DWV/rank143_molecule_14/guided_ppil4_haddock.cfg,haddock3_ternary/guided_ppil4_9DWV/rank143_molecule_14/run,haddock3_ternary/guided_ppil4_9DWV/rank143_molecule_14/guided_haddock_launcher.log
8,18,248,337,O=C1CCC(N2C(=O)c3cc(O)c(F)c(F)c3C2=O)C(=O)N1,0.986,-8.331,0.705,2.898005003446328,0.5259353468653326,0.8043478260869565,200,-339.834,-336.540,2.150,-320.990,-312.273,complete,2026-07-26T03:18:05,2026-07-26T03:43:54,25.82,0,haddock3_ternary/guided_ppil4_9DWV/rank248_molecule_337/guided_ppil4_haddock.cfg,haddock3_ternary/guided_ppil4_9DWV/rank248_molecule_337/run,haddock3_ternary/guided_ppil4_9DWV/rank248_molecule_337/guided_haddock_launcher.log
9,7,115,118,COc1ccc2c(c1C#N)C(=O)N(C1CCC(=O)NC1=O)C2=O,0.976,-9.288,0.943,2.536718549622713,0.5467915323549729,0.7254901960784313,200,-339.279,-336.480,2.065,-321.412,-312.211,complete,2026-07-25T23:53:34,2026-07-26T00:18:55,25.35,0,haddock3_ternary/guided_ppil4_9DWV/rank115_molecule_118/guided_ppil4_haddock.cfg,haddock3_ternary/guided_ppil4_9DWV/rank115_molecule_118/run,haddock3_ternary/guided_ppil4_9DWV/rank115_molecule_118/guided_haddock_launcher.log
10,11,99,67,Cc1c(O)ccc2c1C(=O)N(C1CCC(=O)NC1=O)C2=O,0.982,-9.355,1.113,2.5361078447100707,0.6163646551054508,0.7555555555555555,200,-338.892,-336.392,1.797,-323.991,-313.819,complete,2026-07-26T01:09:36,2026-07-26T01:34:54,25.30,0,haddock3_ternary/guided_ppil4_9DWV/rank099_molecule_67/guided_ppil4_haddock.cfg,haddock3_ternary/guided_ppil4_9DWV/rank099_molecule_67/run,haddock3_ternary/guided_ppil4_9DWV/rank099_molecule_67/guided_haddock_launcher.log
11,22,95,34,O=C1CCC(N2C(=O)c3ccc(I)c(Cl)c3C2=O)C(=O)N1,0.978,-9.369,1.328,2.1942256037153434,0.4933895209718264,0.7555555555555555,200,-338.368,-336.324,1.110,-321.583,-313.243,complete,2026-07-26T04:09:54,2026-07-26T04:35:53,25.98,0,haddock3_ternary/guided_ppil4_9DWV/rank095_molecule_34/guided_ppil4_haddock.cfg,haddock3_ternary/guided_ppil4_9DWV/rank095_molecule_34/run,haddock3_ternary/guided_ppil4_9DWV/rank095_molecule_34/guided_haddock_launcher.log
12,14,59,64,Cc1c(I)ccc2c1C(=O)N(C1CCC(=O)NC1=O)C2=O,0.98,-9.478,1.26,2.2837368499894883,0.5698634628732235,0.7555555555555555,200,-339.073,-336.187,1.696,-323.640,-312.200,complete,2026-07-26T02:00:11,2026-07-26T02:25:54,25.72,0,haddock3_ternary/guided_ppil4_9DWV/rank059_molecule_64/guided_ppil4_haddock.cfg,haddock3_ternary/guided_ppil4_9DWV/rank059_molecule_64/run,haddock3_ternary/guided_ppil4_9DWV/rank059_molecule_64/guided_haddock_launcher.log
13,17,178,186,CCc1cc(O)c2c(c1)C(=O)N(C1CCC(=O)NC1=O)C2=O,0.98,-9.029,1.078,2.440443812096462,0.5068452838260515,0.6938775510204082,200,-339.214,-336.064,2.844,-319.868,-312.411,complete,2026-07-26T02:52:09,2026-07-26T03:18:05,25.93,0,haddock3_ternary/guided_ppil4_9DWV/rank178_molecule_186/guided_ppil4_haddock.cfg,haddock3_ternary/guided_ppil4_9DWV/rank178_molecule_186/run,haddock3_ternary/guided_ppil4_9DWV/rank178_molecule_186/guided_haddock_launcher.log
14,26,180,71,CCc1c(F)ccc2c1C(=O)N(C1CCC(=O)NC1=O)C2=O,0.976,-9.02,1.257,2.4032122253350834,0.4073177337247587,0.66,200,-339.701,-335.188,2.882,-321.563,-312.878,complete,2026-07-26T05:01:54,2026-07-26T05:27:43,25.82,0,haddock3_ternary/guided_ppil4_9DWV/rank180_molecule_71/guided_ppil4_haddock.cfg,haddock3_ternary/guided_ppil4_9DWV/rank180_molecule_71/run,haddock3_ternary/guided_ppil4_9DWV/rank180_molecule_71/guided_haddock_launcher.log
15,29,201,58,COc1ccc2c(c1I)C(=O)N(C1CCC(=O)NC1=O)C2=O,0.976,-8.879,1.389,2.240118300447551,0.33379993702501737,0.7254901960784313,200,-338.904,-334.990,2.328,-322.049,-311.430,complete,2026-07-26T05:27:49,2026-07-26T05:53:46,25.95,0,haddock3_ternary/guided_ppil4_9DWV/rank201_molecule_58/guided_ppil4_haddock.cfg,haddock3_ternary/guided_ppil4_9DWV/rank201_molecule_58/run,haddock3_ternary/guided_ppil4_9DWV/rank201_molecule_58/guided_haddock_launcher.log
16,3,108,57,O=C1CCC(N2C(=O)c3ccc(O)c(I)c3C2=O)C(=O)N1,0.99,-9.311,1.263,2.357223154476465,0.6790471834852057,0.7555555555555555,200,-336.847,-334.938,1.018,-319.638,-310.227,complete,2026-07-25T22:36:37,2026-07-25T23:01:58,25.35,0,haddock3_ternary/guided_ppil4_9DWV/rank108_molecule_57/guided_ppil4_haddock.cfg,haddock3_ternary/guided_ppil4_9DWV/rank108_molecule_57/run,haddock3_ternary/guided_ppil4_9DWV/rank108_molecule_57/guided_haddock_launcher.log
17,10,124,37,O=C1CCC(N2C(=O)c3ccc(O)c(Cl)c3C2=O)C(=O)N1,0.984,-9.262,1.118,2.5225950923602305,0.6205469121237276,0.7555555555555555,200,-337.817,-334.825,1.093,-323.714,-313.156,complete,2026-07-26T00:44:16,2026-07-26T01:09:36,25.33,0,haddock3_ternary/guided_ppil4_9DWV/rank124_molecule_37/guided_ppil4_haddock.cfg,haddock3_ternary/guided_ppil4_9DWV/rank124_molecule_37/run,haddock3_ternary/guided_ppil4_9DWV/rank124_molecule_37/guided_haddock_launcher.log
18,12,69,181,O=C1CCC(N2C(=O)c3cc(F)cc(O)c3C2=O)C(=O)N1,0.982,-9.449,1.359,2.253755310587191,0.5695832809118389,0.7391304347826086,200,-335.665,-333.825,0.837,-319.407,-311.550,complete,2026-07-26T01:34:54,2026-07-26T02:00:07,25.22,0,haddock3_ternary/guided_ppil4_9DWV/rank069_molecule_181/guided_ppil4_haddock.cfg,haddock3_ternary/guided_ppil4_9DWV/rank069_molecule_181/run,haddock3_ternary/guided_ppil4_9DWV/rank069_molecule_181/guided_haddock_launcher.log
