name,role,molecular_formula,smiles,molecular_weight,cas_number,registered,purity_grade,quality_requirements,inchikey,chemical_name,pubchem_cid
RW_708,candidate,C24H21N5O4,N#Cc1ccc2c(c1-c1ccc(N3CCNCC3)cc1)C(=O)N(C1CCC(=O)NC1=O)C2=O,443.46,-,no,>=98% (HPLC),无菌; 无内毒素; 无核酸酶; 优先细胞培养级别 (sterile; endotoxin-free; nuclease-free; cell-culture grade preferred),HIEJYMRMWAEODO-UHFFFAOYSA-N,,
RW_491,candidate,C24H24N4O5,COc1ccc(-c2ccc(N3CCNCC3)cc2)c2c1C(=O)N(C1CCC(=O)NC1=O)C2=O,448.48,-,no,>=98% (HPLC),无菌; 无内毒素; 无核酸酶; 优先细胞培养级别 (sterile; endotoxin-free; nuclease-free; cell-culture grade preferred),KVGYOODUQYZQIN-UHFFFAOYSA-N,,
RW_1987,candidate,C25H29N5O3,CN(C)c1cc2c(c(-c3ccc(N4CCNCC4)cc3)c1)C(=O)N(C1CCC(=O)NC1=O)C2,447.54,-,no,>=98% (HPLC),无菌; 无内毒素; 无核酸酶; 优先细胞培养级别 (sterile; endotoxin-free; nuclease-free; cell-culture grade preferred),HEUQFHHFAMNVQC-UHFFFAOYSA-N,,
RW_1959,candidate,C23H24N4O4,O=C1CCC(N2Cc3cc(O)cc(-c4ccc(N5CCNCC5)cc4)c3C2=O)C(=O)N1,420.47,-,no,>=98% (HPLC),无菌; 无内毒素; 无核酸酶; 优先细胞培养级别 (sterile; endotoxin-free; nuclease-free; cell-culture grade preferred),QWVWMIZYOCCSAD-UHFFFAOYSA-N,,
RW_465,candidate,C23H23BrN4O3,O=C1CCC(N2Cc3cc(Br)cc(-c4ccc(N5CCNCC5)cc4)c3C2=O)C(=O)N1,483.37,-,no,>=98% (HPLC),无菌; 无内毒素; 无核酸酶; 优先细胞培养级别 (sterile; endotoxin-free; nuclease-free; cell-culture grade preferred),NGHRLUITSVTZOV-UHFFFAOYSA-N,,
RW_1992,candidate,C24H23F3N4O3,O=C1CCC(N2Cc3c(cc(C(F)(F)F)cc3-c3ccc(N4CCNCC4)cc3)C2=O)C(=O)N1,472.47,-,no,>=98% (HPLC),无菌; 无内毒素; 无核酸酶; 优先细胞培养级别 (sterile; endotoxin-free; nuclease-free; cell-culture grade preferred),SSGOKPSHDJJEMM-UHFFFAOYSA-N,,
RW_2392,candidate,C24H24N4O5,O=C1CCC(N2Cc3c(ccc(C(=O)O)c3-c3ccc(N4CCNCC4)cc3)C2=O)C(=O)N1,448.48,-,no,>=98% (HPLC),无菌; 无内毒素; 无核酸酶; 优先细胞培养级别 (sterile; endotoxin-free; nuclease-free; cell-culture grade preferred),ZKYWUJUXWXWCRB-UHFFFAOYSA-N,,
RW_234,candidate,C24H23N5O3,N#Cc1ccc2c(c1-c1ccc(N3CCNCC3)cc1)CN(C1CCC(=O)NC1=O)C2=O,429.48,-,no,>=98% (HPLC),无菌; 无内毒素; 无核酸酶; 优先细胞培养级别 (sterile; endotoxin-free; nuclease-free; cell-culture grade preferred),ZFSCZHKDHPXXNA-UHFFFAOYSA-N,,
RW_2123,candidate,C24H27N5O3,CNc1ccc(-c2ccc(N3CCNCC3)cc2)c2c1C(=O)N(C1CCC(=O)NC1=O)C2,433.51,-,no,>=98% (HPLC),无菌; 无内毒素; 无核酸酶; 优先细胞培养级别 (sterile; endotoxin-free; nuclease-free; cell-culture grade preferred),IBGAEEZLPYXDPJ-UHFFFAOYSA-N,,
RW_1668,candidate,C24H27N5O3,CNc1cc2c(c(-c3ccc(N4CCNCC4)cc3)c1)C(=O)N(C1CCC(=O)NC1=O)C2,433.51,-,no,>=98% (HPLC),无菌; 无内毒素; 无核酸酶; 优先细胞培养级别 (sterile; endotoxin-free; nuclease-free; cell-culture grade preferred),FZLNLZAMAXQVHW-UHFFFAOYSA-N,,
RW_445,candidate,C23H21ClN4O4,O=C1CCC(N2C(=O)c3cc(Cl)cc(-c4ccc(N5CCNCC5)cc4)c3C2=O)C(=O)N1,452.9,-,no,>=98% (HPLC),无菌; 无内毒素; 无核酸酶; 优先细胞培养级别 (sterile; endotoxin-free; nuclease-free; cell-culture grade preferred),FBNYGMGXASRJHG-UHFFFAOYSA-N,,
RW_779,candidate,C23H21BrN4O4,O=C1CCC(N2C(=O)c3cc(Br)cc(-c4ccc(N5CCNCC5)cc4)c3C2=O)C(=O)N1,497.35,-,no,>=98% (HPLC),无菌; 无内毒素; 无核酸酶; 优先细胞培养级别 (sterile; endotoxin-free; nuclease-free; cell-culture grade preferred),GFRBULVNJCIFIG-UHFFFAOYSA-N,,
RW_381,candidate,C23H23ClN4O3,O=C1CCC(N2Cc3c(Cl)ccc(-c4ccc(N5CCNCC5)cc4)c3C2=O)C(=O)N1,438.92,-,no,>=98% (HPLC),无菌; 无内毒素; 无核酸酶; 优先细胞培养级别 (sterile; endotoxin-free; nuclease-free; cell-culture grade preferred),QRLZBBPGWOSMIH-UHFFFAOYSA-N,,
RW_1092,candidate,C23H23ClN4O3,O=C1CCC(N2Cc3cc(Cl)cc(-c4ccc(N5CCNCC5)cc4)c3C2=O)C(=O)N1,438.92,-,no,>=98% (HPLC),无菌; 无内毒素; 无核酸酶; 优先细胞培养级别 (sterile; endotoxin-free; nuclease-free; cell-culture grade preferred),JJMSLPKTOIRBKR-UHFFFAOYSA-N,,
RW_1078,candidate,C23H21FN4O4,O=C1CCC(N2C(=O)c3cc(F)cc(-c4ccc(N5CCNCC5)cc4)c3C2=O)C(=O)N1,436.44,-,no,>=98% (HPLC),无菌; 无内毒素; 无核酸酶; 优先细胞培养级别 (sterile; endotoxin-free; nuclease-free; cell-culture grade preferred),FQXWTOGXZXQRRO-UHFFFAOYSA-N,,
RW_80,candidate,C23H21FN4O4,O=C1CCC(N2C(=O)c3cc(F)c(-c4ccc(N5CCNCC5)cc4)cc3C2=O)C(=O)N1,436.44,-,no,>=98% (HPLC),无菌; 无内毒素; 无核酸酶; 优先细胞培养级别 (sterile; endotoxin-free; nuclease-free; cell-culture grade preferred),WWNGZLOXSAIZPI-UHFFFAOYSA-N,,
RW_72,candidate,C23H24N4O3,O=C1CCC(N2Cc3cccc(-c4ccc(N5CCNCC5)cc4)c3C2=O)C(=O)N1,404.47,-,no,>=98% (HPLC),无菌; 无内毒素; 无核酸酶; 优先细胞培养级别 (sterile; endotoxin-free; nuclease-free; cell-culture grade preferred),JIMGBDVCJBOURH-UHFFFAOYSA-N,,
RW_672,candidate,C24H26N4O3,Cc1cc2c(cc1-c1ccc(N3CCNCC3)cc1)C(=O)N(C1CCC(=O)NC1=O)C2,418.5,-,no,>=98% (HPLC),无菌; 无内毒素; 无核酸酶; 优先细胞培养级别 (sterile; endotoxin-free; nuclease-free; cell-culture grade preferred),KNVLAWDRVDHHPB-UHFFFAOYSA-N,,
TZ_6,crosscheck,C15H14N2O4,CCc1cccc2c1C(=O)N(C1CCC(=O)NC1=O)C2=O,286.29,244057-33-8,yes,>=98% (HPLC),无菌; 无内毒素; 无核酸酶; 优先细胞培养级别 (sterile; endotoxin-free; nuclease-free; cell-culture grade preferred),FAZWECWNUTULOK-UHFFFAOYSA-N,"2-(2,6-dioxopiperidin-3-yl)-4-ethylisoindole-1,3-dione",9925896
TZ_118,crosscheck,C15H11N3O5,COc1ccc2c(c1C#N)C(=O)N(C1CCC(=O)NC1=O)C2=O,313.27,-,no,>=98% (HPLC),无菌; 无内毒素; 无核酸酶; 优先细胞培养级别 (sterile; endotoxin-free; nuclease-free; cell-culture grade preferred),BKXHWCINNYDWKN-UHFFFAOYSA-N,,
Z6466608628_positive_control,positive_control,C23H24N4O3,O=C1CCC(N2Cc3c(cccc3-c3ccc(N4CCNCC4)cc3)C2=O)C(=O)N1,404.47,2869183-63-9,yes,>=98% (HPLC),无菌; 无内毒素; 无核酸酶; 优先细胞培养级别 (sterile; endotoxin-free; nuclease-free; cell-culture grade preferred),KMGAXUJZURDCDU-UHFFFAOYSA-N,"3-[3-oxo-7-(4-piperazin-1-ylphenyl)-1H-isoindol-2-yl]piperidine-2,6-dione",166423045
TM-04-064-02_positive_control,positive_control,C29H35N9O5,O=C(NCCCCCCCCNC1=CC=CC2=C1C(N(C2=O)C3CCC(NC3=O)=O)=O)CCN4C=NC5=C(N=CN=C54)N,589.66,-,no,>=98% (HPLC),无菌; 无内毒素; 无核酸酶; 优先细胞培养级别 (sterile; endotoxin-free; nuclease-free; cell-culture grade preferred),CKDWGAXWKUCVPQ-UHFFFAOYSA-N,,
negctrl_no_glutarimide,negative_control,C19H21N3O,CN1Cc2c(cccc2-c2ccc(N3CCNCC3)cc2)C1=O,307.4,-,no,>=98% (HPLC),无菌; 无内毒素; 无核酸酶; 优先细胞培养级别 (sterile; endotoxin-free; nuclease-free; cell-culture grade preferred),XEFJEGLFKNQLMH-UHFFFAOYSA-N,,
negctrl_no_ppil4_arm,negative_control,C13H12N2O3,O=C1CCC(N2Cc3ccccc3C2=O)C(=O)N1,244.25,26581-81-7,yes,>=98% (HPLC),无菌; 无内毒素; 无核酸酶; 优先细胞培养级别 (sterile; endotoxin-free; nuclease-free; cell-culture grade preferred),WENKGSGGXGQHSH-UHFFFAOYSA-N,"3-(3-oxo-1H-isoindol-2-yl)piperidine-2,6-dione",91585
negctrl_no_crbn_ppil4_arm,negative_control,C7H7N3OS,COc1cscc1-c1c[nH]nn1,181.22,-,no,>=98% (HPLC),无菌; 无内毒素; 无核酸酶; 优先细胞培养级别 (sterile; endotoxin-free; nuclease-free; cell-culture grade preferred),CMPAJFIBFWYECR-UHFFFAOYSA-N,,
