final_corrected_haddock_rank,source,kind,molecule,label,smiles,canonical_smiles,rf_active_probability,vina_score_kcal_mol,pocket_centroid_distance_angstrom,vina_box_reference,vina_pose_file,models_scored,best_haddock_score,mean_best_10_haddock_score,sd_best_10_haddock_score,median_haddock_score,worst_haddock_score,best_model_structure,best_model_path,guided_config
1,Ryan matched candidate,ryan_candidate,cand_1959,cand_1959,O=C1CCC(N2Cc3cc(O)cc(-c4ccc(N5CCNCC5)cc4)c3C2=O)C(=O)N1,O=C1CCC(N2Cc3cc(O)cc(-c4ccc(N5CCNCC5)cc4)c3C2=O)C(=O)N1,0.985,-9.913,3.821,EF2 chain B residue 1429,haddock3_ternary/ryan18_friend19_corrected/vina/cand_1959_pose_4CI1.pdbqt,200,-531.241,-499.574,11.741,-450.885,-395.962,emscoring_188.pdb,haddock3_ternary/ryan18_friend19_corrected/08_cand_1959/run/3_emscoring/emscoring_188.pdb,haddock3_ternary/ryan18_friend19_corrected/08_cand_1959/guided_ppil4_haddock.cfg
2,Ryan matched candidate,ryan_candidate,cand_1987,cand_1987,CN(C)c1cc2c(c(-c3ccc(N4CCNCC4)cc3)c1)C(=O)N(C1CCC(=O)NC1=O)C2,CN(C)c1cc2c(c(-c3ccc(N4CCNCC4)cc3)c1)C(=O)N(C1CCC(=O)NC1=O)C2,0.985,-9.828,3.655,EF2 chain B residue 1429,haddock3_ternary/ryan18_friend19_corrected/vina/cand_1987_pose_4CI1.pdbqt,200,-512.895,-499.497,8.444,-452.678,-418.776,emscoring_48.pdb,haddock3_ternary/ryan18_friend19_corrected/04_cand_1987/run/3_emscoring/emscoring_48.pdb,haddock3_ternary/ryan18_friend19_corrected/04_cand_1987/guided_ppil4_haddock.cfg
3,Ryan matched candidate,ryan_candidate,cand_381,cand_381,O=C1CCC(N2Cc3c(Cl)ccc(-c4ccc(N5CCNCC5)cc4)c3C2=O)C(=O)N1,O=C1CCC(N2Cc3c(Cl)ccc(-c4ccc(N5CCNCC5)cc4)c3C2=O)C(=O)N1,0.985,-8.970,1.639,EF2 chain B residue 1429,haddock3_ternary/ryan18_friend19_corrected/vina/cand_381_pose_4CI1.pdbqt,200,-535.734,-498.067,14.776,-447.809,-410.476,emscoring_159.pdb,haddock3_ternary/ryan18_friend19_corrected/06_cand_381/run/3_emscoring/emscoring_159.pdb,haddock3_ternary/ryan18_friend19_corrected/06_cand_381/guided_ppil4_haddock.cfg
4,Ryan matched candidate,ryan_candidate,cand_491,cand_491,COc1ccc(-c2ccc(N3CCNCC3)cc2)c2c1C(=O)N(C1CCC(=O)NC1=O)C2=O,COc1ccc(-c2ccc(N3CCNCC3)cc2)c2c1C(=O)N(C1CCC(=O)NC1=O)C2=O,0.97,-8.011,2.909,EF2 chain B residue 1429,haddock3_ternary/ryan18_friend19_corrected/vina/cand_491_pose_4CI1.pdbqt,200,-529.246,-497.661,14.970,-447.971,-414.278,emscoring_9.pdb,haddock3_ternary/ryan18_friend19_corrected/05_cand_491/run/3_emscoring/emscoring_9.pdb,haddock3_ternary/ryan18_friend19_corrected/05_cand_491/guided_ppil4_haddock.cfg
5,Ryan matched candidate,ryan_candidate,cand_2123,cand_2123,CNc1ccc(-c2ccc(N3CCNCC3)cc2)c2c1C(=O)N(C1CCC(=O)NC1=O)C2,CNc1ccc(-c2ccc(N3CCNCC3)cc2)c2c1C(=O)N(C1CCC(=O)NC1=O)C2,0.975,-10.030,1.840,EF2 chain B residue 1429,haddock3_ternary/ryan18_friend19_corrected/vina/cand_2123_pose_4CI1.pdbqt,200,-513.669,-497.423,12.588,-444.606,-399.986,emscoring_103.pdb,haddock3_ternary/ryan18_friend19_corrected/12_cand_2123/run/3_emscoring/emscoring_103.pdb,haddock3_ternary/ryan18_friend19_corrected/12_cand_2123/guided_ppil4_haddock.cfg
6,Ryan matched candidate,ryan_candidate,cand_1078,cand_1078,O=C1CCC(N2C(=O)c3cc(F)cc(-c4ccc(N5CCNCC5)cc4)c3C2=O)C(=O)N1,O=C1CCC(N2C(=O)c3cc(F)cc(-c4ccc(N5CCNCC5)cc4)c3C2=O)C(=O)N1,0.98,-10.160,1.664,EF2 chain B residue 1429,haddock3_ternary/ryan18_friend19_corrected/vina/cand_1078_pose_4CI1.pdbqt,200,-520.066,-495.542,13.839,-445.986,-400.446,emscoring_76.pdb,haddock3_ternary/ryan18_friend19_corrected/10_cand_1078/run/3_emscoring/emscoring_76.pdb,haddock3_ternary/ryan18_friend19_corrected/10_cand_1078/guided_ppil4_haddock.cfg
7,Ryan matched candidate,ryan_candidate,cand_1668,cand_1668,CNc1cc2c(c(-c3ccc(N4CCNCC4)cc3)c1)C(=O)N(C1CCC(=O)NC1=O)C2,CNc1cc2c(c(-c3ccc(N4CCNCC4)cc3)c1)C(=O)N(C1CCC(=O)NC1=O)C2,0.975,-9.158,2.325,EF2 chain B residue 1429,haddock3_ternary/ryan18_friend19_corrected/vina/cand_1668_pose_4CI1.pdbqt,200,-521.396,-494.323,15.641,-439.391,-404.043,emscoring_90.pdb,haddock3_ternary/ryan18_friend19_corrected/01_cand_1668/run/3_emscoring/emscoring_90.pdb,haddock3_ternary/ryan18_friend19_corrected/01_cand_1668/guided_ppil4_haddock.cfg
8,Ryan matched candidate,ryan_candidate,cand_234,cand_234,N#Cc1ccc2c(c1-c1ccc(N3CCNCC3)cc1)CN(C1CCC(=O)NC1=O)C2=O,N#Cc1ccc2c(c1-c1ccc(N3CCNCC3)cc1)CN(C1CCC(=O)NC1=O)C2=O,0.975,-9.365,2.148,EF2 chain B residue 1429,haddock3_ternary/ryan18_friend19_corrected/vina/cand_234_pose_4CI1.pdbqt,200,-508.491,-489.672,11.297,-444.147,-402.151,emscoring_73.pdb,haddock3_ternary/ryan18_friend19_corrected/11_cand_234/run/3_emscoring/emscoring_73.pdb,haddock3_ternary/ryan18_friend19_corrected/11_cand_234/guided_ppil4_haddock.cfg
9,Ryan matched candidate,ryan_candidate,cand_779,cand_779,O=C1CCC(N2C(=O)c3cc(Br)cc(-c4ccc(N5CCNCC5)cc4)c3C2=O)C(=O)N1,O=C1CCC(N2C(=O)c3cc(Br)cc(-c4ccc(N5CCNCC5)cc4)c3C2=O)C(=O)N1,0.995,-10.300,1.560,EF2 chain B residue 1429,haddock3_ternary/ryan18_friend19_corrected/vina/cand_779_pose_4CI1.pdbqt,200,-503.324,-488.025,9.709,-442.058,-402.409,emscoring_76.pdb,haddock3_ternary/ryan18_friend19_corrected/03_cand_779/run/3_emscoring/emscoring_76.pdb,haddock3_ternary/ryan18_friend19_corrected/03_cand_779/guided_ppil4_haddock.cfg
10,Ryan matched candidate,ryan_candidate,cand_672,cand_672,Cc1cc2c(cc1-c1ccc(N3CCNCC3)cc1)C(=O)N(C1CCC(=O)NC1=O)C2,Cc1cc2c(cc1-c1ccc(N3CCNCC3)cc1)C(=O)N(C1CCC(=O)NC1=O)C2,0.99,-8.321,5.249,EF2 chain B residue 1429,haddock3_ternary/ryan18_friend19_corrected/vina/cand_672_pose_4CI1.pdbqt,200,-500.273,-488.015,5.756,-434.423,-386.743,emscoring_96.pdb,haddock3_ternary/ryan18_friend19_corrected/18_cand_672/run/3_emscoring/emscoring_96.pdb,haddock3_ternary/ryan18_friend19_corrected/18_cand_672/guided_ppil4_haddock.cfg
11,Ryan matched candidate,ryan_candidate,cand_72,cand_72,O=C1CCC(N2Cc3cccc(-c4ccc(N5CCNCC5)cc4)c3C2=O)C(=O)N1,O=C1CCC(N2Cc3cccc(-c4ccc(N5CCNCC5)cc4)c3C2=O)C(=O)N1,0.98,-8.912,4.877,EF2 chain B residue 1429,haddock3_ternary/ryan18_friend19_corrected/vina/cand_72_pose_4CI1.pdbqt,200,-516.619,-483.804,13.699,-438.765,-380.310,emscoring_29.pdb,haddock3_ternary/ryan18_friend19_corrected/17_cand_72/run/3_emscoring/emscoring_29.pdb,haddock3_ternary/ryan18_friend19_corrected/17_cand_72/guided_ppil4_haddock.cfg
12,Ryan matched candidate,ryan_candidate,cand_445,cand_445,O=C1CCC(N2C(=O)c3cc(Cl)cc(-c4ccc(N5CCNCC5)cc4)c3C2=O)C(=O)N1,O=C1CCC(N2C(=O)c3cc(Cl)cc(-c4ccc(N5CCNCC5)cc4)c3C2=O)C(=O)N1,1.0,-9.310,2.223,EF2 chain B residue 1429,haddock3_ternary/ryan18_friend19_corrected/vina/cand_445_pose_4CI1.pdbqt,200,-514.381,-482.109,16.570,-437.276,-397.780,emscoring_118.pdb,haddock3_ternary/ryan18_friend19_corrected/14_cand_445/run/3_emscoring/emscoring_118.pdb,haddock3_ternary/ryan18_friend19_corrected/14_cand_445/guided_ppil4_haddock.cfg
13,Ryan matched candidate,ryan_candidate,cand_80,cand_80,O=C1CCC(N2C(=O)c3cc(F)c(-c4ccc(N5CCNCC5)cc4)cc3C2=O)C(=O)N1,O=C1CCC(N2C(=O)c3cc(F)c(-c4ccc(N5CCNCC5)cc4)cc3C2=O)C(=O)N1,0.95,-7.898,4.442,EF2 chain B residue 1429,haddock3_ternary/ryan18_friend19_corrected/vina/cand_80_pose_4CI1.pdbqt,200,-496.913,-479.788,9.860,-437.849,-401.709,emscoring_101.pdb,haddock3_ternary/ryan18_friend19_corrected/15_cand_80/run/3_emscoring/emscoring_101.pdb,haddock3_ternary/ryan18_friend19_corrected/15_cand_80/guided_ppil4_haddock.cfg
14,Ryan matched candidate,ryan_candidate,cand_2392,cand_2392,O=C1CCC(N2Cc3c(ccc(C(=O)O)c3-c3ccc(N4CCNCC4)cc3)C2=O)C(=O)N1,O=C1CCC(N2Cc3c(ccc(C(=O)O)c3-c3ccc(N4CCNCC4)cc3)C2=O)C(=O)N1,0.995,-7.988,3.245,EF2 chain B residue 1429,haddock3_ternary/ryan18_friend19_corrected/vina/cand_2392_pose_4CI1.pdbqt,200,-492.074,-476.885,8.007,-432.588,-385.862,emscoring_179.pdb,haddock3_ternary/ryan18_friend19_corrected/07_cand_2392/run/3_emscoring/emscoring_179.pdb,haddock3_ternary/ryan18_friend19_corrected/07_cand_2392/guided_ppil4_haddock.cfg
15,Ryan matched candidate,ryan_candidate,cand_708,cand_708,N#Cc1ccc2c(c1-c1ccc(N3CCNCC3)cc1)C(=O)N(C1CCC(=O)NC1=O)C2=O,N#Cc1ccc2c(c1-c1ccc(N3CCNCC3)cc1)C(=O)N(C1CCC(=O)NC1=O)C2=O,0.965,-8.281,2.221,EF2 chain B residue 1429,haddock3_ternary/ryan18_friend19_corrected/vina/cand_708_pose_4CI1.pdbqt,200,-508.508,-475.511,12.578,-431.810,-397.498,emscoring_195.pdb,haddock3_ternary/ryan18_friend19_corrected/02_cand_708/run/3_emscoring/emscoring_195.pdb,haddock3_ternary/ryan18_friend19_corrected/02_cand_708/guided_ppil4_haddock.cfg
16,positive control,positive_control,positive_control,positive_control,O=C1CCC(C(N1)=O)N2CC3=C(C2=O)C=CC=C3C4=CC=C(C=C4)N5CCNCC5,O=C1CCC(N2Cc3c(cccc3-c3ccc(N4CCNCC4)cc3)C2=O)C(=O)N1,not supplied,-9.906,1.891,EF2 chain B residue 1429,haddock3_ternary/ryan18_friend19_corrected/vina/friend_supplied_pose_4CI1.pdbqt,200,-486.273,-475.308,6.399,-429.435,-371.940,emscoring_88.pdb,haddock3_ternary/ryan18_friend19_corrected/19_friend_supplied/run/3_emscoring/emscoring_88.pdb,haddock3_ternary/ryan18_friend19_corrected/19_friend_supplied/guided_ppil4_haddock.cfg
17,Ryan matched candidate,ryan_candidate,cand_1992,cand_1992,O=C1CCC(N2Cc3c(cc(C(F)(F)F)cc3-c3ccc(N4CCNCC4)cc3)C2=O)C(=O)N1,O=C1CCC(N2Cc3c(cc(C(F)(F)F)cc3-c3ccc(N4CCNCC4)cc3)C2=O)C(=O)N1,0.96,-9.629,2.402,EF2 chain B residue 1429,haddock3_ternary/ryan18_friend19_corrected/vina/cand_1992_pose_4CI1.pdbqt,200,-493.270,-473.868,10.532,-428.042,-386.504,emscoring_110.pdb,haddock3_ternary/ryan18_friend19_corrected/13_cand_1992/run/3_emscoring/emscoring_110.pdb,haddock3_ternary/ryan18_friend19_corrected/13_cand_1992/guided_ppil4_haddock.cfg
18,Ryan matched candidate,ryan_candidate,cand_465,cand_465,O=C1CCC(N2Cc3cc(Br)cc(-c4ccc(N5CCNCC5)cc4)c3C2=O)C(=O)N1,O=C1CCC(N2Cc3cc(Br)cc(-c4ccc(N5CCNCC5)cc4)c3C2=O)C(=O)N1,0.99,-9.475,2.572,EF2 chain B residue 1429,haddock3_ternary/ryan18_friend19_corrected/vina/cand_465_pose_4CI1.pdbqt,200,-484.808,-473.529,5.401,-430.233,-397.920,emscoring_105.pdb,haddock3_ternary/ryan18_friend19_corrected/09_cand_465/run/3_emscoring/emscoring_105.pdb,haddock3_ternary/ryan18_friend19_corrected/09_cand_465/guided_ppil4_haddock.cfg
19,Ryan matched candidate,ryan_candidate,cand_1092,cand_1092,O=C1CCC(N2Cc3cc(Cl)cc(-c4ccc(N5CCNCC5)cc4)c3C2=O)C(=O)N1,O=C1CCC(N2Cc3cc(Cl)cc(-c4ccc(N5CCNCC5)cc4)c3C2=O)C(=O)N1,0.985,-9.366,2.706,EF2 chain B residue 1429,haddock3_ternary/ryan18_friend19_corrected/vina/cand_1092_pose_4CI1.pdbqt,200,-490.342,-471.030,10.060,-430.224,-384.900,emscoring_83.pdb,haddock3_ternary/ryan18_friend19_corrected/16_cand_1092/run/3_emscoring/emscoring_83.pdb,haddock3_ternary/ryan18_friend19_corrected/16_cand_1092/guided_ppil4_haddock.cfg
